1;2;3;4;5;6;7;8;9;10;11;12;13;14;15;16
;;;;;;;;;;;;;;;
;;;AU per cluster 2026;;;;;;;;;;;;
;;;;;;;;;;;;;;;
CBS;Naam;Prov;Sociale basisvoorzieningen;Participatie;Individuele voorzieningen Wmo;Individuele voorzieningen Jeugd;Bestuur en ondersteuning;Orde en veiligheid;Onderwijs;Sport, cultuur en recreatie;Infrastructuur, ruimte en milieu;Overig;Overige eigen middelen;Onroerendezaakbelasting;Totaal
1979;Eemsdelta;1; 11.797.007 ; 14.677.859 ; 18.731.177 ; 28.635.179 ; 17.723.614 ; 6.831.120 ; 8.062.930 ; 14.344.543 ; 21.971.014 ; -00 ; -7.954.295 ; -12.824.355 ; 121.995.793 
14;Groningen;1; 91.034.627 ; 95.826.886 ; 90.191.426 ; 137.945.449 ; 95.855.445 ; 47.314.170 ; 40.078.868 ; 118.525.751 ; 93.897.341 ; -31.980.893 ; -43.405.644 ; -69.271.027 ; 666.012.400 
1966;Het Hogeland;1; 10.815.730 ; 11.729.409 ; 16.649.941 ; 27.049.178 ; 18.698.367 ; 7.102.051 ; 7.964.358 ; 11.652.000 ; 25.701.998 ; 3.327.589 ; -8.555.018 ; -13.672.262 ; 118.463.341 
1952;Midden-Groningen;1; 16.027.387 ; 19.148.326 ; 22.427.199 ; 37.238.462 ; 23.662.564 ; 9.358.601 ; 9.628.642 ; 18.525.403 ; 22.858.279 ; 2.949.167 ; -10.900.554 ; -14.203.894 ; 156.719.581 
1895;Oldambt;1; 10.044.550 ; 14.662.191 ; 16.626.563 ; 26.377.569 ; 15.588.381 ; 5.940.865 ; 7.410.431 ; 12.565.836 ; 17.488.385 ; -00 ; -7.029.327 ; -9.536.835 ; 110.138.608 
765;Pekela;1; 3.037.977 ; 4.258.641 ; 4.938.023 ; 9.135.080 ; 5.388.786 ; 1.603.912 ; 1.980.095 ; 3.677.519 ; 4.950.639 ; 519.695 ; -2.212.358 ; -1.989.568 ; 35.288.442 
37;Stadskanaal;1; 8.336.244 ; 10.709.047 ; 14.716.316 ; 22.638.515 ; 12.723.458 ; 4.498.837 ; 6.615.154 ; 10.207.661 ; 11.722.987 ; -00 ; -5.689.021 ; -6.459.891 ; 90.019.306 
47;Veendam;1; 7.674.642 ; 9.258.021 ; 11.261.406 ; 18.468.337 ; 11.087.126 ; 3.895.629 ; 5.430.735 ; 9.547.291 ; 9.794.478 ; 242.273 ; -4.916.410 ; -5.612.829 ; 76.130.702 
1969;Westerkwartier;1; 14.914.473 ; 10.984.895 ; 17.824.309 ; 29.781.369 ; 24.515.308 ; 8.299.997 ; 9.227.087 ; 17.117.634 ; 25.870.839 ; 3.842.195 ; -11.513.884 ; -14.860.938 ; 136.003.283 
1950;Westerwolde;1; 6.935.696 ; 5.778.806 ; 10.480.646 ; 15.035.735 ; 10.865.226 ; 4.215.335 ; 5.149.716 ; 7.246.618 ; 14.129.521 ; -00 ; -4.869.176 ; -5.980.599 ; 68.987.526 
59;Achtkarspelen;2; 6.395.014 ; 7.124.351 ; 8.832.071 ; 16.408.908 ; 11.111.779 ; 3.707.549 ; 4.427.023 ; 7.449.338 ; 10.341.096 ; 678.465 ; -5.007.503 ; -5.769.873 ; 65.698.219 
60;Ameland;2; 848.913 ; 370.702 ; 1.386.004 ; 1.663.853 ; 2.452.021 ; 1.074.867 ; 637.975 ; 903.096 ; 3.666.778 ; 1.424.277 ; -674.770 ; -2.110.655 ; 11.643.062 
1891;Dantumadiel;2; 4.316.321 ; 5.193.418 ; 6.585.721 ; 11.509.404 ; 7.789.308 ; 2.486.140 ; 3.394.949 ; 4.906.110 ; 6.879.303 ; -232.183 ; -3.398.177 ; -3.734.304 ; 45.696.013 
1940;De Fryske Marren;2; 12.878.765 ; 9.085.905 ; 18.634.513 ; 25.353.304 ; 20.263.013 ; 7.648.454 ; 7.472.193 ; 14.649.771 ; 26.228.034 ; -5.543.575 ; -9.275.424 ; -14.049.899 ; 113.345.054 
72;Harlingen;2; 4.395.831 ; 5.019.967 ; 7.331.679 ; 10.935.248 ; 6.877.438 ; 2.358.911 ; 2.494.601 ; 6.795.690 ; 7.542.634 ; -1.717.453 ; -2.878.427 ; -4.137.298 ; 45.018.821 
74;Heerenveen;2; 14.426.317 ; 14.074.650 ; 19.401.889 ; 29.398.423 ; 20.104.813 ; 7.625.240 ; 9.057.973 ; 17.882.962 ; 20.317.198 ; -4.000.679 ; -9.209.367 ; -14.206.784 ; 124.872.636 
80;Leeuwarden;2; 42.825.175 ; 52.390.164 ; 49.309.276 ; 78.993.244 ; 50.399.078 ; 22.187.009 ; 23.008.180 ; 54.202.834 ; 50.240.585 ; -2.227.763 ; -23.079.441 ; -32.320.897 ; 365.927.443 
1970;Noardeast-Fryslân;2; 10.689.457 ; 11.522.471 ; 15.750.308 ; 27.018.774 ; 17.763.018 ; 6.362.129 ; 8.537.142 ; 12.993.558 ; 22.768.536 ; -00 ; -8.144.118 ; -10.522.906 ; 114.738.367 
85;Ooststellingwerf;2; 6.091.924 ; 6.354.261 ; 9.501.384 ; 14.167.562 ; 10.402.600 ; 3.618.055 ; 4.379.800 ; 6.903.985 ; 12.168.921 ; -00 ; -4.603.529 ; -5.522.361 ; 63.462.602 
86;Opsterland;2; 6.841.473 ; 5.860.160 ; 9.129.779 ; 14.081.489 ; 11.844.845 ; 3.874.197 ; 4.800.307 ; 7.643.949 ; 13.133.808 ; -00 ; -5.329.262 ; -6.691.086 ; 65.189.660 
88;Schiermonnikoog;2; 219.039 ; 100.475 ; 388.254 ; 290.689 ; 1.263.142 ; 312.243 ; 223.619 ; 224.288 ; 1.989.836 ; 299.543 ; -172.421 ; -618.029 ; 4.520.676 
90;Smallingerland;2; 16.598.369 ; 18.487.716 ; 22.345.187 ; 34.911.318 ; 22.027.541 ; 8.276.293 ; 12.820.626 ; 21.015.929 ; 18.627.298 ; -00 ; -10.136.466 ; -14.482.083 ; 150.491.728 
1900;Súdwest-Fryslân;2; 23.789.117 ; 22.523.985 ; 34.675.645 ; 49.991.522 ; 34.650.510 ; 12.956.702 ; 16.654.323 ; 30.986.845 ; 44.022.959 ; -7.030.202 ; -16.076.217 ; -24.867.984 ; 222.277.205 
93;Terschelling;2; 1.265.790 ; 350.676 ; 2.085.124 ; 1.884.061 ; 2.832.572 ; 948.110 ; 738.522 ; 1.357.875 ; 3.983.227 ; 1.256.896 ; -874.182 ; -2.387.457 ; 13.441.213 
737;Tytsjerksteradiel;2; 7.672.715 ; 6.996.047 ; 10.828.520 ; 15.340.242 ; 12.884.419 ; 4.435.545 ; 4.951.488 ; 8.628.225 ; 13.180.307 ; -00 ; -5.828.059 ; -7.014.882 ; 72.074.567 
96;Vlieland;2; 310.241 ; 158.816 ; 547.692 ; 873.658 ; 1.314.660 ; 336.451 ; 255.678 ; 322.589 ; 2.078.748 ; 216.150 ; -216.104 ; -687.301 ; 5.511.279 
1949;Waadhoeke;2; 11.026.605 ; 10.743.677 ; 15.660.630 ; 25.191.829 ; 18.101.061 ; 6.684.374 ; 7.453.755 ; 13.136.460 ; 20.993.362 ; -00 ; -8.320.446 ; -9.223.086 ; 111.448.222 
98;Weststellingwerf;2; 6.703.437 ; 5.806.641 ; 10.544.734 ; 15.295.896 ; 10.626.503 ; 3.476.153 ; 4.331.486 ; 7.808.202 ; 13.001.259 ; -1.967.606 ; -4.722.680 ; -5.951.049 ; 64.952.976 
1680;Aa en Hunze;3; 5.780.832 ; 3.995.874 ; 8.553.842 ; 9.581.656 ; 10.509.361 ; 3.375.621 ; 3.519.901 ; 6.218.526 ; 13.624.787 ; -00 ; -4.605.305 ; -6.292.162 ; 54.262.932 
106;Assen;3; 21.518.231 ; 21.555.675 ; 25.291.034 ; 40.405.466 ; 27.190.732 ; 10.273.325 ; 13.059.308 ; 28.076.156 ; 18.998.270 ; 3.115.084 ; -12.499.581 ; -16.221.337 ; 180.762.361 
1681;Borger-Odoorn;3; 5.823.797 ; 5.068.980 ; 8.873.892 ; 12.106.113 ; 10.459.241 ; 3.512.351 ; 3.720.679 ; 6.274.560 ; 14.393.346 ; -69.936 ; -4.625.548 ; -6.453.626 ; 59.083.850 
109;Coevorden;3; 8.745.188 ; 8.040.409 ; 12.933.887 ; 17.456.348 ; 14.164.159 ; 5.138.034 ; 5.629.440 ; 10.381.664 ; 16.872.881 ; -00 ; -6.367.698 ; -8.660.037 ; 84.334.275 
1690;De Wolden;3; 5.540.853 ; 2.995.967 ; 7.516.059 ; 9.420.778 ; 9.887.078 ; 3.207.043 ; 3.172.097 ; 6.118.564 ; 11.717.130 ; -58.328 ; -4.381.033 ; -6.220.605 ; 48.915.603 
114;Emmen;3; 29.931.257 ; 35.785.697 ; 44.774.637 ; 70.263.240 ; 41.416.929 ; 15.255.871 ; 19.388.663 ; 37.250.820 ; 36.195.670 ; -419.270 ; -19.475.637 ; -23.583.181 ; 286.784.697 
118;Hoogeveen;3; 16.057.765 ; 14.571.439 ; 23.222.567 ; 35.772.848 ; 21.878.574 ; 8.001.757 ; 10.685.974 ; 20.013.647 ; 18.698.905 ; -770.710 ; -10.104.858 ; -13.229.914 ; 144.797.995 
119;Meppel;3; 10.271.632 ; 8.255.973 ; 12.189.393 ; 19.387.511 ; 14.285.181 ; 5.062.570 ; 6.589.441 ; 13.451.428 ; 11.184.508 ; 1.155.995 ; -6.440.679 ; -8.933.706 ; 86.459.247 
1731;Midden-Drenthe;3; 7.933.875 ; 5.797.154 ; 10.922.712 ; 14.543.336 ; 13.463.500 ; 4.454.290 ; 4.756.644 ; 8.983.539 ; 17.186.108 ; -00 ; -6.041.145 ; -8.896.537 ; 73.103.477 
1699;Noordenveld;3; 7.555.138 ; 5.724.501 ; 11.710.638 ; 13.947.765 ; 12.623.813 ; 4.027.914 ; 4.575.666 ; 8.738.009 ; 12.804.384 ; -00 ; -5.638.058 ; -9.361.986 ; 66.707.784 
1730;Tynaarlo;3; 8.052.825 ; 5.216.173 ; 9.510.205 ; 11.395.556 ; 13.706.472 ; 4.332.567 ; 4.068.859 ; 9.089.469 ; 12.517.081 ; 2.931.422 ; -6.216.940 ; -8.865.297 ; 65.738.392 
1701;Westerveld;3; 4.467.904 ; 3.253.872 ; 7.851.187 ; 8.148.930 ; 8.292.114 ; 2.821.546 ; 2.910.871 ; 4.777.956 ; 11.517.117 ; -00 ; -3.548.402 ; -5.533.945 ; 44.959.150 
141;Almelo;4; 23.931.798 ; 26.545.123 ; 28.939.053 ; 48.072.652 ; 28.631.991 ; 12.257.968 ; 16.630.319 ; 30.504.196 ; 23.106.178 ; -00 ; -13.278.052 ; -21.226.209 ; 204.115.016 
147;Borne;4; 6.240.829 ; 3.729.267 ; 6.739.836 ; 10.439.998 ; 9.844.898 ; 3.014.538 ; 2.926.214 ; 7.362.586 ; 6.557.105 ; -00 ; -4.393.285 ; -5.680.577 ; 46.781.411 
148;Dalfsen;4; 7.004.911 ; 3.500.996 ; 7.915.103 ; 11.741.409 ; 11.755.980 ; 3.502.215 ; 3.897.443 ; 8.090.623 ; 11.413.307 ; -00 ; -5.335.477 ; -8.117.140 ; 55.369.370 
150;Deventer;4; 32.765.662 ; 29.976.100 ; 34.491.656 ; 58.315.530 ; 39.679.244 ; 16.501.165 ; 17.709.960 ; 42.263.769 ; 29.620.302 ; -00 ; -18.520.838 ; -27.988.581 ; 254.813.970 
1774;Dinkelland;4; 6.024.573 ; 2.995.895 ; 6.839.780 ; 9.250.778 ; 10.548.576 ; 3.279.401 ; 3.193.063 ; 7.077.590 ; 11.345.381 ; -00 ; -4.746.119 ; -7.394.161 ; 48.414.757 
153;Enschede;4; 54.362.404 ; 61.889.125 ; 59.665.686 ; 97.955.422 ; 62.211.936 ; 29.187.965 ; 30.735.692 ; 66.163.791 ; 47.561.454 ; -1.023.842 ; -28.822.799 ; -41.404.529 ; 438.482.305 
158;Haaksbergen;4; 6.272.260 ; 3.797.229 ; 8.498.615 ; 11.684.439 ; 9.741.908 ; 3.138.204 ; 3.486.374 ; 7.475.007 ; 9.396.412 ; -1.911.745 ; -4.301.659 ; -6.489.168 ; 50.787.876 
160;Hardenberg;4; 15.679.336 ; 11.586.385 ; 17.758.409 ; 29.935.397 ; 24.014.187 ; 7.891.166 ; 11.038.369 ; 18.862.630 ; 23.397.029 ; -00 ; -11.260.668 ; -16.942.919 ; 131.959.320 
163;Hellendoorn;4; 9.376.141 ; 6.045.776 ; 12.010.860 ; 17.876.275 ; 14.078.482 ; 4.259.432 ; 5.728.011 ; 12.055.462 ; 12.044.235 ; -1.275.823 ; -6.430.380 ; -9.016.846 ; 76.751.623 
164;Hengelo;4; 26.512.645 ; 24.592.447 ; 29.484.404 ; 48.319.289 ; 32.240.585 ; 13.860.862 ; 15.893.465 ; 32.096.885 ; 24.893.156 ; -2.106.824 ; -14.854.706 ; -22.219.045 ; 208.713.162 
1735;Hof van Twente;4; 8.321.111 ; 5.520.457 ; 11.982.741 ; 15.261.771 ; 13.937.410 ; 4.670.932 ; 4.538.002 ; 10.162.008 ; 14.588.066 ; -865.002 ; -6.332.183 ; -9.585.226 ; 72.200.085 
166;Kampen;4; 15.888.039 ; 11.079.208 ; 16.679.171 ; 30.543.702 ; 21.515.599 ; 7.263.294 ; 10.884.371 ; 21.413.638 ; 18.610.491 ; -1.937.434 ; -10.041.110 ; -14.256.670 ; 127.642.299 
168;Losser;4; 5.480.171 ; 4.043.841 ; 6.975.105 ; 10.851.286 ; 9.424.314 ; 3.018.887 ; 3.188.956 ; 6.169.717 ; 7.772.138 ; 627.648 ; -4.167.415 ; -5.408.479 ; 47.976.169 
173;Oldenzaal;4; 8.829.827 ; 6.142.882 ; 11.910.200 ; 16.999.910 ; 12.713.568 ; 4.552.791 ; 5.791.694 ; 11.118.847 ; 10.320.521 ; -759.317 ; -5.686.002 ; -8.858.694 ; 73.076.228 
1773;Olst-Wijhe;4; 4.313.366 ; 2.890.427 ; 4.895.127 ; 7.606.944 ; 7.757.892 ; 2.282.687 ; 2.450.754 ; 4.800.609 ; 7.151.828 ; 1.003.156 ; -3.374.383 ; -4.515.815 ; 37.262.593 
175;Ommen;4; 4.762.021 ; 3.087.508 ; 6.258.134 ; 8.024.841 ; 7.925.052 ; 2.255.009 ; 4.445.245 ; 5.793.574 ; 9.494.729 ; -839.676 ; -3.418.065 ; -5.651.494 ; 42.136.880 
177;Raalte;4; 9.361.378 ; 5.337.985 ; 11.825.872 ; 17.181.383 ; 14.959.703 ; 4.742.346 ; 6.285.672 ; 11.102.242 ; 13.685.101 ; -00 ; -6.858.326 ; -10.453.645 ; 77.169.711 
1742;Rijssen-Holten;4; 10.184.828 ; 5.220.684 ; 10.745.871 ; 17.878.637 ; 14.941.871 ; 4.814.568 ; 7.034.478 ; 13.014.630 ; 12.443.567 ; -00 ; -6.896.149 ; -9.784.273 ; 79.598.710 
180;Staphorst;4; 4.270.589 ; 2.034.321 ; 3.795.284 ; 7.517.559 ; 7.189.498 ; 1.942.253 ; 3.003.250 ; 5.207.715 ; 7.537.518 ; -1.315.613 ; -3.190.597 ; -4.648.293 ; 33.343.486 
1708;Steenwijkerland;4; 11.443.370 ; 10.227.916 ; 15.694.663 ; 24.309.526 ; 17.751.596 ; 6.657.927 ; 7.312.057 ; 14.275.324 ; 20.904.293 ; -1.263.586 ; -8.117.838 ; -11.364.378 ; 107.830.871 
183;Tubbergen;4; 4.615.994 ; 2.166.810 ; 4.726.917 ; 7.575.618 ; 8.598.965 ; 2.542.903 ; 2.860.271 ; 5.201.004 ; 9.427.846 ; -00 ; -3.819.020 ; -5.990.160 ; 37.907.147 
1700;Twenterand;4; 7.901.148 ; 6.681.713 ; 9.507.903 ; 17.454.619 ; 13.202.895 ; 4.086.925 ; 5.092.310 ; 9.282.928 ; 11.300.704 ; 681.063 ; -6.057.481 ; -7.760.692 ; 71.374.034 
189;Wierden;4; 6.005.706 ; 2.893.997 ; 6.621.515 ; 9.483.617 ; 10.089.381 ; 2.959.131 ; 3.395.314 ; 7.030.323 ; 9.157.608 ; -00 ; -4.500.005 ; -6.283.924 ; 46.852.663 
1896;Zwartewaterland;4; 5.376.021 ; 3.028.171 ; 5.410.758 ; 10.519.852 ; 9.273.149 ; 2.783.578 ; 3.486.543 ; 6.927.544 ; 9.088.762 ; -00 ; -4.174.163 ; -6.404.962 ; 45.315.255 
193;Zwolle;4; 44.157.268 ; 38.380.314 ; 43.545.852 ; 73.338.098 ; 50.840.440 ; 20.773.661 ; 27.507.502 ; 58.888.553 ; 37.452.780 ; -00 ; -23.760.781 ; -41.641.989 ; 329.481.697 
197;Aalten;5; 6.870.920 ; 4.637.327 ; 9.362.678 ; 14.449.784 ; 10.943.442 ; 3.593.056 ; 4.131.703 ; 8.223.023 ; 10.271.661 ; -1.285.578 ; -4.877.166 ; -6.594.688 ; 59.726.163 
200;Apeldoorn;5; 52.351.739 ; 39.682.542 ; 62.730.883 ; 87.326.650 ; 63.859.880 ; 25.770.379 ; 30.136.870 ; 67.080.805 ; 49.637.079 ; -00 ; -29.929.777 ; -46.639.088 ; 402.007.961 
202;Arnhem;5; 61.655.904 ; 69.339.259 ; 60.675.049 ; 107.627.993 ; 64.804.857 ; 32.848.723 ; 34.621.839 ; 77.952.184 ; 44.538.216 ; -5.028.849 ; -30.074.142 ; -44.098.337 ; 474.862.697 
203;Barneveld;5; 15.817.115 ; 8.050.136 ; 14.315.216 ; 25.067.103 ; 24.058.365 ; 8.356.649 ; 13.492.898 ; 18.803.938 ; 21.814.092 ; -00 ; -11.213.967 ; -20.751.010 ; 117.810.535 
1945;Berg en Dal;5; 8.141.079 ; 8.143.395 ; 12.024.186 ; 16.715.489 ; 14.005.614 ; 4.819.124 ; 5.742.906 ; 8.916.648 ; 10.196.285 ; -00 ; -6.314.071 ; -8.797.202 ; 73.593.453 
1859;Berkelland;5; 10.439.539 ; 7.825.871 ; 15.525.666 ; 20.916.099 ; 17.061.808 ; 5.634.005 ; 7.545.371 ; 12.141.544 ; 19.024.972 ; -1.102.135 ; -7.798.388 ; -12.167.802 ; 95.046.551 
209;Beuningen;5; 6.463.116 ; 4.542.690 ; 6.237.650 ; 10.715.845 ; 10.617.938 ; 3.534.686 ; 3.086.522 ; 7.243.623 ; 7.642.706 ; 472.521 ; -4.749.848 ; -6.329.796 ; 49.477.653 
1876;Bronckhorst;5; 7.978.585 ; 4.659.998 ; 12.052.604 ; 14.278.202 ; 14.110.242 ; 4.629.465 ; 4.288.367 ; 8.879.177 ; 15.922.560 ; -00 ; -6.394.688 ; -10.327.791 ; 70.076.720 
213;Brummen;5; 5.085.393 ; 3.709.724 ; 7.182.522 ; 8.839.386 ; 8.759.024 ; 2.880.337 ; 2.687.494 ; 5.522.315 ; 7.395.190 ; 140.761 ; -3.798.955 ; -5.380.476 ; 43.022.714 
214;Buren;5; 6.023.619 ; 2.848.616 ; 6.551.700 ; 9.746.783 ; 10.942.206 ; 3.703.883 ; 3.324.880 ; 6.676.466 ; 11.830.830 ; -246.502 ; -4.968.083 ; -7.259.134 ; 49.175.265 
216;Culemborg;5; 8.412.232 ; 5.404.127 ; 7.549.692 ; 12.663.795 ; 11.988.295 ; 4.625.776 ; 6.107.218 ; 9.842.704 ; 9.966.330 ; 239.331 ; -5.377.029 ; -7.864.781 ; 63.557.689 
221;Doesburg;5; 2.816.050 ; 3.101.682 ; 4.546.886 ; 6.626.756 ; 4.940.852 ; 1.800.435 ; 1.300.857 ; 3.659.459 ; 3.667.196 ; 1.208.209 ; -1.975.478 ; -2.396.524 ; 29.296.379 
222;Doetinchem;5; 16.796.747 ; 15.199.285 ; 19.990.198 ; 32.243.920 ; 23.080.928 ; 8.462.984 ; 12.263.277 ; 21.349.105 ; 17.575.105 ; 391.334 ; -10.662.964 ; -14.919.103 ; 141.770.816 
225;Druten;5; 4.791.333 ; 3.473.708 ; 5.069.007 ; 8.397.478 ; 8.066.108 ; 2.747.983 ; 3.292.953 ; 5.359.096 ; 6.252.255 ; 1.638.529 ; -3.506.673 ; -4.800.047 ; 40.781.729 
226;Duiven;5; 6.453.102 ; 4.746.508 ; 6.644.314 ; 11.203.136 ; 9.954.052 ; 3.250.769 ; 3.541.638 ; 7.495.765 ; 7.843.224 ; -00 ; -4.428.977 ; -7.526.911 ; 49.176.619 
228;Ede;5; 35.960.540 ; 20.658.989 ; 35.360.915 ; 54.808.265 ; 46.774.527 ; 17.893.388 ; 20.911.335 ; 44.672.891 ; 37.271.582 ; -00 ; -22.056.810 ; -36.790.742 ; 255.464.881 
230;Elburg;5; 5.567.359 ; 3.487.973 ; 6.788.084 ; 11.104.115 ; 9.526.902 ; 2.959.780 ; 3.904.307 ; 6.685.105 ; 7.051.841 ; 804.775 ; -4.244.481 ; -6.133.440 ; 47.502.320 
232;Epe;5; 8.118.220 ; 5.210.611 ; 12.206.183 ; 15.721.092 ; 13.194.908 ; 4.538.184 ; 4.805.135 ; 9.105.075 ; 11.619.871 ; -00 ; -5.943.125 ; -9.460.562 ; 69.115.593 
233;Ermelo;5; 7.294.010 ; 4.592.961 ; 9.118.022 ; 10.841.544 ; 11.520.863 ; 3.792.672 ; 5.581.143 ; 8.650.465 ; 9.896.123 ; 3.116.839 ; -4.995.251 ; -8.639.577 ; 60.769.814 
243;Harderwijk;5; 14.524.029 ; 9.720.844 ; 14.379.938 ; 23.564.887 ; 19.295.738 ; 7.359.867 ; 9.506.596 ; 18.012.856 ; 13.756.379 ; 251.906 ; -8.886.010 ; -14.053.918 ; 107.433.111 
244;Hattem;5; 2.961.734 ; 1.591.999 ; 3.393.989 ; 5.349.774 ; 5.474.259 ; 1.553.765 ; 1.495.370 ; 3.636.158 ; 3.739.908 ; -305.721 ; -2.263.143 ; -3.062.632 ; 23.565.460 
246;Heerde;5; 4.426.714 ; 2.523.905 ; 6.208.337 ; 8.547.800 ; 7.860.428 ; 2.320.745 ; 2.866.873 ; 5.004.054 ; 6.555.247 ; 844.234 ; -3.428.009 ; -4.633.120 ; 39.097.209 
252;Heumen;5; 3.898.260 ; 2.671.869 ; 4.672.572 ; 5.782.382 ; 7.016.733 ; 2.185.947 ; 1.803.000 ; 4.191.109 ; 5.458.051 ; 334.756 ; -2.994.025 ; -4.226.695 ; 30.793.959 
1705;Lingewaard;5; 11.124.208 ; 6.530.691 ; 12.562.304 ; 19.403.392 ; 18.248.894 ; 5.866.278 ; 6.476.035 ; 12.590.484 ; 12.526.794 ; 896.473 ; -8.467.298 ; -11.349.344 ; 86.408.911 
262;Lochem;5; 8.174.070 ; 5.021.650 ; 12.244.882 ; 12.951.156 ; 13.635.949 ; 4.708.266 ; 4.865.774 ; 9.504.280 ; 14.092.508 ; -177.304 ; -6.093.528 ; -10.044.703 ; 68.882.999 
263;Maasdriel;5; 5.754.407 ; 3.344.259 ; 6.490.215 ; 10.777.435 ; 10.302.722 ; 3.471.569 ; 2.970.472 ; 6.212.842 ; 10.695.266 ; -517.220 ; -4.668.165 ; -6.713.407 ; 48.120.394 
1955;Montferland;5; 8.947.276 ; 6.165.524 ; 12.841.495 ; 18.566.910 ; 14.403.133 ; 4.940.311 ; 5.634.607 ; 10.497.900 ; 12.775.823 ; -00 ; -6.569.418 ; -8.137.359 ; 80.066.201 
1740;Neder-Betuwe;5; 5.592.388 ; 3.515.215 ; 5.487.353 ; 12.212.709 ; 9.997.733 ; 3.095.972 ; 4.647.420 ; 6.151.402 ; 8.738.234 ; -00 ; -4.577.959 ; -5.767.884 ; 49.092.584 
267;Nijkerk;5; 11.495.479 ; 6.116.930 ; 11.276.873 ; 18.021.269 ; 17.418.796 ; 5.828.862 ; 7.425.013 ; 13.805.955 ; 13.980.460 ; 207.187 ; -8.118.548 ; -13.837.749 ; 83.620.528 
268;Nijmegen;5; 66.170.702 ; 68.314.486 ; 68.389.745 ; 114.380.637 ; 72.151.332 ; 32.857.889 ; 33.427.840 ; 87.582.447 ; 49.728.019 ; -22.694.991 ; -33.562.170 ; -55.905.283 ; 480.840.653 
302;Nunspeet;5; 7.293.312 ; 4.450.312 ; 8.593.931 ; 13.256.363 ; 11.666.238 ; 3.764.253 ; 5.097.639 ; 8.629.143 ; 9.797.457 ; -00 ; -5.219.346 ; -8.104.859 ; 59.224.444 
269;Oldebroek;5; 5.616.859 ; 3.946.107 ; 6.572.488 ; 11.206.496 ; 9.668.759 ; 3.056.371 ; 3.364.638 ; 6.383.648 ; 8.516.611 ; -00 ; -4.335.752 ; -5.818.993 ; 48.177.232 
1586;Oost Gelre;5; 7.354.513 ; 4.303.492 ; 9.182.551 ; 13.185.136 ; 11.925.105 ; 3.778.352 ; 4.712.211 ; 9.035.019 ; 11.837.311 ; -00 ; -5.335.655 ; -8.206.299 ; 61.771.738 
1509;Oude IJsselstreek;5; 9.941.746 ; 8.530.440 ; 14.624.884 ; 22.018.248 ; 15.350.185 ; 5.254.881 ; 5.635.518 ; 11.580.205 ; 13.793.974 ; -1.901.633 ; -7.013.879 ; -10.074.799 ; 87.739.769 
1734;Overbetuwe;5; 11.447.388 ; 7.284.574 ; 11.458.675 ; 19.109.305 ; 18.647.299 ; 6.309.430 ; 7.944.851 ; 12.677.580 ; 15.126.221 ; 2.745.294 ; -8.691.215 ; -14.693.694 ; 89.365.709 
273;Putten;5; 6.218.157 ; 3.068.329 ; 7.651.816 ; 10.043.012 ; 10.076.088 ; 3.119.344 ; 3.269.713 ; 7.394.977 ; 8.759.635 ; -00 ; -4.430.930 ; -7.176.237 ; 47.993.903 
274;Renkum;5; 7.542.955 ; 6.452.943 ; 11.312.055 ; 12.316.818 ; 12.593.949 ; 4.376.002 ; 4.920.263 ; 8.261.464 ; 8.060.382 ; 538.248 ; -5.591.712 ; -8.119.601 ; 62.663.765 
275;Rheden;5; 11.135.659 ; 10.838.772 ; 16.829.548 ; 22.521.582 ; 17.266.457 ; 6.778.906 ; 6.334.364 ; 11.717.711 ; 12.579.524 ; 2.604.408 ; -7.774.415 ; -10.597.662 ; 100.234.854 
277;Rozendaal;5; 413.442 ; 62.399 ; 299.987 ; 299.327 ; 1.449.061 ; 303.212 ; 730.368 ; 413.814 ; 1.284.797 ; -279.379 ; -326.020 ; -515.247 ; 4.135.761 
279;Scherpenzeel;5; 2.376.012 ; 1.133.299 ; 2.507.960 ; 3.924.872 ; 4.624.384 ; 1.266.563 ; 1.296.748 ; 2.615.877 ; 3.264.977 ; 455.831 ; -1.871.421 ; -2.482.096 ; 19.113.005 
281;Tiel;5; 12.635.081 ; 11.982.168 ; 13.971.736 ; 23.634.236 ; 16.500.413 ; 6.892.108 ; 8.875.262 ; 15.019.869 ; 13.083.470 ; -00 ; -7.560.087 ; -11.724.047 ; 103.310.209 
285;Voorst;5; 5.867.528 ; 3.541.406 ; 7.390.927 ; 9.963.626 ; 10.193.550 ; 3.165.500 ; 4.167.208 ; 6.494.133 ; 10.404.279 ; -00 ; -4.539.959 ; -7.342.951 ; 49.305.248 
289;Wageningen;5; 12.963.253 ; 7.653.160 ; 12.609.908 ; 16.661.874 ; 16.963.165 ; 6.993.470 ; 5.600.379 ; 14.930.325 ; 10.978.490 ; -25.381 ; -7.598.265 ; -11.632.419 ; 86.097.959 
1960;West Betuwe;5; 12.184.403 ; 6.096.673 ; 12.848.397 ; 18.983.694 ; 20.076.797 ; 6.890.954 ; 7.143.328 ; 13.959.060 ; 21.181.921 ; -00 ; -9.456.191 ; -15.286.278 ; 94.622.759 
668;West Maas en Waal;5; 4.573.512 ; 2.688.471 ; 5.386.875 ; 8.658.891 ; 8.316.251 ; 2.859.660 ; 2.505.624 ; 4.991.696 ; 9.229.286 ; -1.035.310 ; -3.656.898 ; -5.372.685 ; 39.145.373 
293;Westervoort;5; 3.821.540 ; 3.766.853 ; 3.874.731 ; 7.726.709 ; 6.398.405 ; 2.179.756 ; 1.958.015 ; 4.010.234 ; 3.641.853 ; 1.697.324 ; -2.699.968 ; -2.788.032 ; 33.587.419 
296;Wijchen;5; 10.927.851 ; 7.957.064 ; 12.832.346 ; 18.997.763 ; 16.243.807 ; 5.477.322 ; 5.798.080 ; 13.342.512 ; 13.341.079 ; -00 ; -7.428.862 ; -11.707.025 ; 85.781.937 
294;Winterswijk;5; 8.062.552 ; 6.792.166 ; 11.523.132 ; 15.839.696 ; 11.730.519 ; 4.083.193 ; 4.912.560 ; 9.775.412 ; 11.797.118 ; -1.809.570 ; -5.190.757 ; -7.494.855 ; 70.021.167 
297;Zaltbommel;5; 7.047.165 ; 4.325.689 ; 7.026.815 ; 12.713.429 ; 11.832.805 ; 4.372.274 ; 5.697.754 ; 8.229.868 ; 12.346.489 ; -00 ; -5.400.291 ; -8.672.324 ; 59.519.675 
299;Zevenaar;5; 11.400.359 ; 9.891.759 ; 16.504.080 ; 24.423.446 ; 17.554.121 ; 6.432.549 ; 6.557.903 ; 13.309.747 ; 14.464.765 ; -00 ; -8.028.875 ; -11.711.430 ; 100.798.424 
301;Zutphen;5; 14.476.159 ; 15.402.604 ; 18.702.401 ; 28.425.861 ; 19.234.504 ; 7.574.394 ; 9.375.325 ; 19.061.579 ; 13.827.419 ; 3.549.649 ; -8.705.953 ; -12.362.219 ; 128.561.722 
307;Amersfoort;6; 53.684.543 ; 36.030.762 ; 41.848.804 ; 72.827.897 ; 61.476.319 ; 27.419.112 ; 32.840.949 ; 67.790.470 ; 42.492.213 ; -00 ; -28.996.996 ; -48.229.400 ; 359.184.673 
308;Baarn;6; 6.478.617 ; 4.052.197 ; 7.885.101 ; 8.866.740 ; 10.320.233 ; 3.845.359 ; 3.596.148 ; 6.783.919 ; 7.429.010 ; 2.783.599 ; -4.471.949 ; -7.567.361 ; 50.001.613 
312;Bunnik;6; 3.628.961 ; 1.527.757 ; 3.035.600 ; 3.740.030 ; 6.725.764 ; 2.124.150 ; 1.795.608 ; 3.746.661 ; 4.754.992 ; 827.492 ; -2.890.679 ; -4.946.580 ; 24.069.755 
313;Bunschoten;6; 5.444.746 ; 2.495.752 ; 4.793.752 ; 8.043.462 ; 9.016.830 ; 2.762.846 ; 3.091.493 ; 6.097.896 ; 6.536.251 ; -00 ; -4.028.022 ; -6.550.906 ; 37.704.100 
310;De Bilt;6; 11.030.315 ; 6.333.238 ; 12.447.832 ; 15.046.311 ; 17.077.252 ; 6.469.655 ; 7.483.123 ; 11.613.520 ; 12.380.940 ; 482.022 ; -7.776.191 ; -14.383.642 ; 78.204.375 
736;De Ronde Venen;6; 11.003.643 ; 5.207.070 ; 10.945.222 ; 14.870.961 ; 17.626.765 ; 6.497.572 ; 5.963.177 ; 11.236.676 ; 20.704.488 ; -302.480 ; -8.154.240 ; -14.711.206 ; 80.887.648 
317;Eemnes;6; 2.316.040 ; 1.034.617 ; 1.964.890 ; 2.847.529 ; 4.435.761 ; 1.362.650 ; 1.127.929 ; 2.368.336 ; 3.377.024 ; 612.524 ; -1.762.748 ; -3.044.568 ; 16.639.985 
321;Houten;6; 13.732.994 ; 6.139.009 ; 8.554.333 ; 15.951.424 ; 19.470.676 ; 6.874.952 ; 7.804.009 ; 15.774.996 ; 14.725.600 ; 3.307.035 ; -9.046.357 ; -15.387.252 ; 87.901.418 
353;IJsselstein;6; 9.027.468 ; 5.607.443 ; 7.722.711 ; 11.891.595 ; 13.095.750 ; 5.057.717 ; 4.852.730 ; 9.682.320 ; 9.346.943 ; 2.680.270 ; -5.920.041 ; -8.387.573 ; 64.657.332 
327;Leusden;6; 7.907.312 ; 3.892.349 ; 7.625.671 ; 10.206.681 ; 12.508.028 ; 4.125.359 ; 3.503.046 ; 8.915.074 ; 8.034.005 ; 1.136.091 ; -5.666.470 ; -8.954.445 ; 53.232.703 
331;Lopik;6; 3.296.477 ; 1.816.877 ; 3.130.106 ; 4.688.668 ; 6.145.502 ; 1.799.546 ; 1.891.701 ; 3.399.518 ; 8.253.240 ; -173.408 ; -2.628.051 ; -3.909.186 ; 27.710.989 
335;Montfoort;6; 3.068.709 ; 1.357.413 ; 3.148.222 ; 4.192.648 ; 5.808.270 ; 1.765.193 ; 1.620.122 ; 3.489.501 ; 5.347.781 ; -00 ; -2.445.508 ; -3.752.238 ; 23.600.113 
356;Nieuwegein;6; 20.479.589 ; 13.661.048 ; 19.308.363 ; 29.915.864 ; 25.766.588 ; 11.686.703 ; 11.430.767 ; 21.772.224 ; 19.491.967 ; 1.801.263 ; -11.859.615 ; -20.595.919 ; 142.858.842 
589;Oudewater;6; 2.316.018 ; 1.172.362 ; 2.766.638 ; 3.609.478 ; 4.591.037 ; 1.356.037 ; 1.200.053 ; 2.896.418 ; 5.671.269 ; -49.137 ; -1.838.748 ; -2.614.797 ; 21.076.628 
339;Renswoude;6; 1.238.582 ; 513.552 ; 910.312 ; 2.247.632 ; 2.865.111 ; 717.921 ; 790.245 ; 1.352.882 ; 2.472.067 ; -00 ; -1.026.716 ; -1.720.518 ; 10.361.071 
340;Rhenen;6; 4.854.780 ; 3.168.486 ; 5.891.066 ; 8.536.179 ; 8.235.621 ; 2.682.396 ; 2.694.688 ; 5.487.755 ; 6.397.387 ; -00 ; -3.621.029 ; -5.147.677 ; 39.179.653 
342;Soest;6; 12.907.387 ; 7.178.541 ; 14.027.252 ; 17.253.014 ; 18.577.359 ; 7.244.511 ; 7.053.382 ; 13.900.545 ; 12.403.308 ; 849.587 ; -8.523.233 ; -14.343.636 ; 88.528.018 
1904;Stichtse Vecht;6; 16.617.325 ; 8.121.892 ; 16.067.155 ; 23.220.241 ; 25.193.938 ; 9.672.035 ; 9.818.432 ; 17.264.766 ; 22.672.785 ; -00 ; -11.742.773 ; -18.656.342 ; 118.249.452 
344;Utrecht;6; 144.669.044 ; 94.208.345 ; 105.662.283 ; 165.655.529 ; 142.989.813 ; 77.075.802 ; 71.942.770 ; 185.447.484 ; 119.964.571 ; 2.951.059 ; -66.901.134 ; -132.725.280 ; 910.940.285 
1581;Utrechtse Heuvelrug;6; 12.429.968 ; 6.930.374 ; 15.307.290 ; 15.817.395 ; 19.790.556 ; 7.159.898 ; 7.237.191 ; 13.722.199 ; 14.156.304 ; 3.762.013 ; -9.046.357 ; -15.233.812 ; 92.033.018 
345;Veenendaal;6; 21.673.702 ; 13.448.147 ; 20.719.272 ; 34.828.145 ; 26.747.787 ; 10.944.170 ; 13.512.351 ; 25.876.386 ; 19.209.682 ; -00 ; -12.492.478 ; -18.795.932 ; 155.671.231 
1961;Vijfheerenlanden;6; 15.753.224 ; 9.201.644 ; 15.999.585 ; 25.966.908 ; 23.601.334 ; 8.928.946 ; 9.665.640 ; 17.190.829 ; 21.579.935 ; 1.913.907 ; -11.107.779 ; -16.056.413 ; 122.637.761 
352;Wijk bij Duurstede;6; 5.757.672 ; 3.104.821 ; 5.599.038 ; 8.439.634 ; 9.554.062 ; 3.205.179 ; 3.108.122 ; 6.769.889 ; 7.070.208 ; 1.008.609 ; -4.231.696 ; -5.763.019 ; 43.622.520 
632;Woerden;6; 13.858.800 ; 7.614.704 ; 12.610.402 ; 18.721.751 ; 20.602.187 ; 7.655.476 ; 9.543.986 ; 15.627.821 ; 22.990.708 ; 1.554.859 ; -9.584.575 ; -14.434.413 ; 106.761.705 
351;Woudenberg;6; 3.460.968 ; 1.402.484 ; 2.894.146 ; 4.774.165 ; 6.130.631 ; 1.787.645 ; 1.904.437 ; 3.772.012 ; 4.251.027 ; 1.059.284 ; -2.620.949 ; -3.790.142 ; 25.025.708 
355;Zeist;6; 18.975.555 ; 13.140.597 ; 19.666.179 ; 27.066.042 ; 25.691.252 ; 10.667.787 ; 14.546.771 ; 21.238.565 ; 15.854.687 ; 5.518.142 ; -11.838.839 ; -22.479.313 ; 138.047.424 
358;Aalsmeer;7; 8.045.207 ; 3.633.609 ; 7.680.822 ; 12.367.209 ; 12.884.018 ; 4.660.134 ; 3.977.206 ; 8.200.414 ; 14.395.881 ; -00 ; -5.904.237 ; -11.491.803 ; 58.448.458 
361;Alkmaar;7; 34.829.423 ; 28.387.508 ; 36.688.438 ; 56.470.505 ; 43.398.019 ; 19.533.637 ; 19.980.926 ; 42.358.638 ; 39.906.421 ; -00 ; -20.047.061 ; -35.446.875 ; 266.059.578 
362;Amstelveen;7; 31.239.156 ; 12.716.835 ; 24.473.581 ; 35.501.369 ; 36.655.816 ; 19.008.481 ; 16.879.190 ; 30.004.671 ; 30.565.969 ; -5.415.397 ; -17.015.213 ; -35.671.898 ; 178.942.562 
363;Amsterdam;7; 417.112.148 ; 341.607.911 ; 298.350.249 ; 427.172.241 ; 369.497.565 ; 271.371.285 ; 174.858.383 ; 484.748.594 ; 490.495.354 ; 111.035.263 ; -165.944.758 ; -375.580.010 ; 2.844.724.224 
373;Bergen (NH.);7; 6.747.703 ; 3.658.834 ; 12.495.623 ; 8.876.403 ; 12.426.860 ; 4.623.793 ; 3.440.699 ; 7.176.498 ; 9.934.547 ; 661.006 ; -5.277.767 ; -12.860.686 ; 51.903.515 
375;Beverwijk;7; 12.782.722 ; 9.961.213 ; 12.082.242 ; 19.597.795 ; 16.960.745 ; 7.862.136 ; 7.080.579 ; 13.468.278 ; 14.488.292 ; 3.148.939 ; -7.642.658 ; -12.211.954 ; 97.578.331 
376;Blaricum;7; 3.103.549 ; 1.141.107 ; 2.798.850 ; 3.212.882 ; 5.503.824 ; 1.913.875 ; 2.736.616 ; 3.004.032 ; 3.816.742 ; -00 ; -2.299.012 ; -5.107.000 ; 19.825.465 
377;Bloemendaal;7; 5.367.793 ; 2.204.527 ; 6.331.884 ; 5.097.285 ; 9.505.269 ; 3.164.745 ; 3.385.706 ; 5.449.859 ; 6.527.500 ; 781.537 ; -4.189.256 ; -9.578.469 ; 34.048.379 
383;Castricum;7; 8.681.894 ; 4.317.933 ; 10.427.390 ; 10.214.652 ; 14.365.610 ; 4.726.012 ; 4.931.939 ; 9.458.321 ; 10.180.583 ; 390.007 ; -6.502.297 ; -10.312.086 ; 60.879.956 
400;Den Helder;7; 16.735.030 ; 16.570.133 ; 23.303.835 ; 34.087.319 ; 22.472.587 ; 9.161.493 ; 9.679.630 ; 19.044.067 ; 18.515.536 ; 783.876 ; -10.061.531 ; -14.438.235 ; 145.853.742 
384;Diemen;7; 10.429.472 ; 4.588.953 ; 5.107.210 ; 9.147.867 ; 13.425.754 ; 7.085.483 ; 4.957.109 ; 8.177.207 ; 13.039.146 ; 2.947.759 ; -5.900.331 ; -11.180.612 ; 61.825.018 
1980;Dijk en Waard;7; 26.436.706 ; 14.732.082 ; 26.403.813 ; 37.942.729 ; 34.024.732 ; 12.413.235 ; 14.772.530 ; 32.781.546 ; 23.968.286 ; 1.770.348 ; -16.114.040 ; -23.713.042 ; 185.418.924 
498;Drechterland;7; 4.561.217 ; 2.554.673 ; 5.728.182 ; 7.803.588 ; 8.278.295 ; 2.596.148 ; 2.397.604 ; 4.913.662 ; 8.649.165 ; -00 ; -3.635.945 ; -4.774.197 ; 39.072.392 
385;Edam-Volendam;7; 9.058.060 ; 3.725.746 ; 10.036.458 ; 12.153.782 ; 14.450.503 ; 4.850.177 ; 4.881.219 ; 11.026.699 ; 15.810.376 ; -555.233 ; -6.594.989 ; -10.053.103 ; 68.789.693 
388;Enkhuizen;7; 4.860.517 ; 4.084.840 ; 6.301.017 ; 10.278.097 ; 7.828.511 ; 2.761.875 ; 2.974.015 ; 7.272.130 ; 8.601.835 ; -00 ; -3.346.681 ; -4.768.930 ; 46.847.226 
1942;Gooise Meren;7; 16.603.373 ; 8.448.200 ; 15.618.873 ; 21.239.337 ; 23.491.037 ; 9.495.384 ; 9.513.745 ; 19.266.418 ; 18.116.184 ; -00 ; -10.832.366 ; -19.295.938 ; 111.664.247 
392;Haarlem;7; 57.336.847 ; 34.932.410 ; 47.865.679 ; 73.540.847 ; 64.854.418 ; 33.196.903 ; 32.154.571 ; 70.512.410 ; 58.841.601 ; 1.102.261 ; -29.963.871 ; -58.021.537 ; 386.352.539 
394;Haarlemmermeer;7; 47.450.273 ; 21.991.140 ; 33.985.653 ; 55.827.345 ; 61.159.431 ; 26.984.148 ; 27.306.214 ; 48.714.683 ; 52.400.204 ; -00 ; -29.344.503 ; -56.027.217 ; 290.447.371 
396;Heemskerk;7; 11.090.404 ; 8.159.052 ; 12.763.807 ; 16.696.166 ; 15.499.587 ; 6.177.883 ; 7.796.166 ; 11.773.351 ; 10.871.476 ; 19.438 ; -6.992.748 ; -9.506.338 ; 84.348.243 
397;Heemstede;7; 6.891.300 ; 2.811.821 ; 8.439.490 ; 7.388.162 ; 11.112.179 ; 3.934.802 ; 3.831.339 ; 7.168.098 ; 7.419.308 ; 2.042.778 ; -4.907.709 ; -9.288.202 ; 46.843.365 
399;Heiloo;7; 5.970.823 ; 3.162.387 ; 7.822.857 ; 7.514.772 ; 9.829.122 ; 3.141.923 ; 2.388.906 ; 6.682.194 ; 6.691.200 ; -00 ; -4.322.257 ; -7.446.228 ; 41.435.699 
402;Hilversum;7; 29.908.200 ; 21.676.719 ; 28.515.554 ; 44.519.302 ; 36.225.771 ; 17.262.605 ; 19.457.436 ; 33.236.427 ; 27.354.106 ; -1.216.228 ; -16.761.464 ; -31.150.948 ; 209.027.480 
1911;Hollands Kroon;7; 11.397.778 ; 7.527.420 ; 14.677.326 ; 23.835.985 ; 19.089.890 ; 6.908.637 ; 7.216.594 ; 12.395.698 ; 23.273.184 ; -220.648 ; -8.875.356 ; -14.923.862 ; 102.302.646 
405;Hoorn;7; 23.072.136 ; 17.381.790 ; 24.547.581 ; 40.197.788 ; 29.064.407 ; 12.228.234 ; 15.640.751 ; 28.924.470 ; 24.509.558 ; -00 ; -13.501.792 ; -19.471.944 ; 182.592.980 
406;Huizen;7; 11.523.214 ; 7.348.297 ; 13.573.230 ; 17.613.163 ; 16.186.944 ; 6.518.881 ; 6.811.597 ; 12.579.386 ; 10.879.181 ; -00 ; -7.315.217 ; -11.124.568 ; 84.594.109 
1598;Koggenland;7; 5.227.273 ; 2.818.062 ; 5.724.006 ; 7.993.960 ; 9.465.531 ; 3.188.302 ; 2.640.010 ; 5.525.736 ; 10.516.560 ; -00 ; -4.229.920 ; -6.046.871 ; 42.822.650 
415;Landsmeer;7; 2.797.196 ; 1.372.415 ; 2.824.344 ; 3.905.691 ; 5.075.984 ; 1.655.283 ; 1.432.552 ; 2.691.520 ; 5.223.482 ; -00 ; -2.085.572 ; -3.240.673 ; 21.652.221 
417;Laren;7; 2.703.897 ; 1.115.889 ; 4.469.152 ; 2.625.865 ; 5.110.355 ; 1.716.183 ; 1.948.032 ; 2.769.859 ; 3.768.104 ; -00 ; -2.037.450 ; -5.550.363 ; 18.639.523 
420;Medemblik;7; 10.743.320 ; 7.105.986 ; 13.587.164 ; 20.785.261 ; 17.656.855 ; 6.104.286 ; 5.843.745 ; 12.970.940 ; 21.371.272 ; -00 ; -8.156.548 ; -12.879.612 ; 95.132.668 
431;Oostzaan;7; 2.253.408 ; 1.086.644 ; 2.313.418 ; 3.142.352 ; 4.348.661 ; 1.293.892 ; 1.060.763 ; 2.224.056 ; 5.043.761 ; -513.812 ; -1.728.299 ; -2.904.595 ; 17.620.250 
432;Opmeer;7; 2.824.165 ; 1.677.864 ; 3.514.625 ; 5.223.150 ; 5.356.293 ; 1.541.261 ; 1.444.878 ; 3.118.923 ; 5.439.418 ; -86.244 ; -2.218.040 ; -3.097.092 ; 24.739.202 
437;Ouder-Amstel;7; 3.691.303 ; 1.930.576 ; 2.978.286 ; 4.642.798 ; 6.137.371 ; 2.492.502 ; 2.177.805 ; 3.293.998 ; 6.436.293 ; -100.953 ; -2.580.462 ; -5.504.594 ; 25.594.924 
439;Purmerend;7; 29.347.497 ; 18.043.613 ; 29.667.578 ; 44.308.866 ; 36.500.587 ; 16.395.400 ; 16.405.190 ; 32.612.237 ; 27.993.986 ; 1.629.870 ; -17.031.194 ; -24.843.600 ; 211.030.031 
441;Schagen;7; 11.708.905 ; 6.498.216 ; 16.329.120 ; 19.783.166 ; 19.116.659 ; 7.073.492 ; 7.763.850 ; 13.444.210 ; 20.174.652 ; -00 ; -8.590.532 ; -12.964.885 ; 100.336.853 
532;Stede Broec;7; 5.654.456 ; 3.532.972 ; 7.932.507 ; 11.672.231 ; 8.939.024 ; 2.845.819 ; 4.199.866 ; 6.726.098 ; 7.651.770 ; -821.953 ; -3.951.488 ; -4.677.683 ; 49.703.619 
448;Texel;7; 3.526.197 ; 2.057.744 ; 5.749.737 ; 5.887.293 ; 6.520.146 ; 2.740.808 ; 2.238.670 ; 3.666.665 ; 10.096.793 ; 3.046.520 ; -2.458.649 ; -6.263.850 ; 36.808.076 
450;Uitgeest;7; 3.109.913 ; 1.727.910 ; 2.295.941 ; 4.060.562 ; 5.731.663 ; 1.709.715 ; 1.427.052 ; 3.253.503 ; 4.191.472 ; 247.269 ; -2.384.246 ; -3.435.799 ; 21.934.954 
451;Uithoorn;7; 8.811.056 ; 4.393.845 ; 6.963.461 ; 12.346.878 ; 12.579.819 ; 5.224.190 ; 5.960.435 ; 8.498.539 ; 11.972.924 ; 1.266.785 ; -5.702.694 ; -10.397.071 ; 61.918.168 
453;Velsen;7; 19.802.127 ; 14.643.238 ; 21.470.623 ; 32.021.951 ; 26.870.882 ; 10.513.420 ; 11.322.651 ; 22.915.001 ; 19.850.666 ; -00 ; -12.434.590 ; -21.186.955 ; 145.789.013 
852;Waterland;7; 3.958.726 ; 2.059.899 ; 5.138.003 ; 5.684.532 ; 7.215.856 ; 2.487.683 ; 2.032.329 ; 4.597.874 ; 7.873.356 ; -700.726 ; -3.117.437 ; -4.185.966 ; 33.044.129 
1696;Wijdemeren;7; 5.544.492 ; 2.414.137 ; 6.742.879 ; 7.324.028 ; 9.997.004 ; 3.494.496 ; 2.566.064 ; 5.706.361 ; 9.586.936 ; -519.781 ; -4.380.678 ; -8.370.577 ; 40.105.360 
880;Wormerland;7; 3.966.948 ; 2.644.542 ; 5.013.342 ; 6.722.354 ; 6.861.546 ; 2.423.616 ; 1.992.956 ; 3.868.325 ; 7.520.691 ; -00 ; -2.915.894 ; -4.406.354 ; 33.692.072 
479;Zaanstad;7; 53.164.986 ; 36.845.228 ; 51.040.903 ; 84.920.652 ; 61.168.152 ; 30.049.180 ; 31.574.241 ; 60.354.041 ; 55.625.244 ; -00 ; -28.913.538 ; -44.377.383 ; 391.451.706 
473;Zandvoort;7; 4.426.804 ; 3.977.593 ; 6.560.017 ; 7.678.112 ; 7.565.081 ; 3.162.355 ; 2.093.679 ; 4.266.610 ; 5.652.557 ; 678.977 ; -3.085.119 ; -5.929.823 ; 37.046.843 
482;Alblasserdam;8; 4.933.612 ; 4.189.507 ; 5.628.013 ; 9.659.701 ; 8.192.960 ; 2.794.679 ; 2.769.152 ; 5.136.184 ; 7.352.731 ; 430.235 ; -3.594.393 ; -5.541.045 ; 41.951.335 
613;Albrandswaard;8; 6.657.769 ; 4.136.982 ; 4.254.569 ; 7.347.435 ; 10.522.881 ; 3.778.965 ; 3.265.052 ; 6.366.469 ; 7.733.366 ; 1.500.583 ; -4.742.390 ; -6.863.179 ; 43.958.501 
484;Alphen aan den Rijn;8; 32.531.046 ; 19.049.636 ; 30.801.139 ; 46.393.317 ; 43.605.739 ; 17.472.344 ; 18.794.144 ; 36.899.510 ; 42.554.374 ; -00 ; -20.557.933 ; -31.699.539 ; 235.843.776 
489;Barendrecht;8; 13.739.329 ; 6.538.308 ; 10.387.620 ; 15.736.261 ; 18.483.151 ; 7.576.544 ; 9.912.226 ; 13.902.019 ; 17.353.887 ; -00 ; -8.621.074 ; -13.717.203 ; 91.291.067 
1901;Bodegraven-Reeuwijk;8; 8.879.657 ; 4.337.015 ; 8.579.284 ; 11.990.376 ; 14.388.791 ; 5.287.712 ; 4.536.824 ; 9.118.992 ; 18.380.176 ; -00 ; -6.607.241 ; -10.376.985 ; 68.514.602 
502;Capelle aan den IJssel;8; 21.474.752 ; 18.394.581 ; 19.739.806 ; 32.455.955 ; 26.461.519 ; 13.503.453 ; 13.026.725 ; 20.003.318 ; 25.055.357 ; 3.179.540 ; -12.185.635 ; -16.927.155 ; 164.182.216 
503;Delft;8; 37.609.893 ; 29.742.741 ; 29.582.762 ; 43.699.071 ; 43.493.947 ; 23.529.689 ; 19.392.327 ; 40.534.295 ; 47.294.272 ; -00 ; -19.563.535 ; -31.482.494 ; 263.832.968 
505;Dordrecht;8; 40.527.470 ; 39.405.160 ; 41.894.920 ; 63.137.908 ; 46.960.656 ; 22.409.135 ; 24.577.356 ; 50.022.086 ; 43.270.162 ; -00 ; -21.805.014 ; -34.721.449 ; 315.678.390 
1924;Goeree-Overflakkee;8; 11.846.060 ; 7.210.104 ; 15.239.745 ; 20.411.031 ; 20.547.366 ; 7.835.366 ; 8.341.035 ; 13.202.809 ; 22.976.586 ; 642.554 ; -9.266.545 ; -15.496.731 ; 103.489.380 
512;Gorinchem;8; 11.502.912 ; 9.782.885 ; 12.134.206 ; 20.093.784 ; 15.289.420 ; 6.562.335 ; 9.720.476 ; 13.835.066 ; 14.187.133 ; -00 ; -6.897.215 ; -11.226.337 ; 94.984.666 
513;Gouda;8; 23.824.175 ; 19.154.211 ; 23.396.684 ; 35.057.892 ; 29.447.827 ; 13.398.672 ; 16.955.268 ; 28.439.491 ; 40.641.567 ; -00 ; -13.586.671 ; -19.050.429 ; 197.678.687 
523;Hardinxveld-Giessendam;8; 4.477.841 ; 2.763.929 ; 4.710.895 ; 8.301.713 ; 7.725.623 ; 2.310.431 ; 2.748.535 ; 5.070.777 ; 7.244.439 ; -00 ; -3.395.691 ; -4.732.351 ; 37.226.140 
531;Hendrik-Ido-Ambacht;8; 8.508.321 ; 4.518.344 ; 5.884.489 ; 11.035.303 ; 12.725.288 ; 4.349.477 ; 4.248.769 ; 9.099.046 ; 10.238.100 ; 815.583 ; -5.834.807 ; -7.686.663 ; 57.901.250 
534;Hillegom;8; 5.582.677 ; 3.240.139 ; 6.074.354 ; 9.205.727 ; 9.231.980 ; 3.162.278 ; 2.999.120 ; 5.932.582 ; 8.001.732 ; -00 ; -4.046.134 ; -6.625.036 ; 42.759.420 
1963;Hoeksche Waard;8; 20.648.880 ; 11.521.490 ; 24.546.987 ; 33.227.634 ; 34.091.724 ; 11.900.517 ; 12.383.444 ; 22.250.606 ; 31.863.950 ; -00 ; -16.114.040 ; -24.571.325 ; 161.749.866 
1884;Kaag en Braassem;8; 6.792.335 ; 3.746.896 ; 7.219.084 ; 10.203.688 ; 11.588.041 ; 4.150.422 ; 3.304.976 ; 7.160.599 ; 12.576.337 ; -1.006.267 ; -5.205.673 ; -8.338.382 ; 52.192.057 
537;Katwijk;8; 18.194.261 ; 10.458.824 ; 18.177.316 ; 28.455.529 ; 25.408.318 ; 8.801.964 ; 10.329.705 ; 21.754.746 ; 17.040.840 ; -00 ; -11.913.064 ; -17.897.233 ; 128.811.207 
542;Krimpen aan den IJssel;8; 7.589.523 ; 6.314.037 ; 9.655.089 ; 13.341.160 ; 11.750.970 ; 4.346.055 ; 4.481.535 ; 7.527.268 ; 11.029.094 ; -00 ; -5.290.374 ; -6.861.841 ; 63.882.518 
1931;Krimpenerwaard;8; 13.099.071 ; 8.728.730 ; 15.325.290 ; 23.203.703 ; 21.893.768 ; 7.797.279 ; 8.582.169 ; 14.125.677 ; 30.433.571 ; -1.485.557 ; -10.263.251 ; -14.705.422 ; 116.735.027 
1621;Lansingerland;8; 17.086.763 ; 6.756.403 ; 9.703.788 ; 18.558.858 ; 24.683.625 ; 8.882.459 ; 11.547.129 ; 18.044.676 ; 22.505.496 ; 2.904.557 ; -11.731.053 ; -21.597.316 ; 107.345.385 
546;Leiden;8; 45.423.049 ; 32.107.426 ; 37.448.563 ; 53.303.302 ; 51.387.813 ; 26.746.989 ; 22.785.622 ; 54.964.906 ; 53.842.766 ; -00 ; -23.197.526 ; -42.052.775 ; 312.760.134 
547;Leiderdorp;8; 7.522.908 ; 4.031.159 ; 7.464.611 ; 8.932.277 ; 11.163.846 ; 4.429.300 ; 4.054.561 ; 7.270.892 ; 9.368.955 ; 1.243.812 ; -4.927.774 ; -7.217.478 ; 53.337.069 
1916;Leidschendam-Voorburg;8; 23.825.653 ; 17.293.146 ; 23.583.232 ; 29.130.560 ; 30.444.508 ; 14.609.572 ; 12.892.150 ; 22.744.361 ; 24.912.363 ; 1.414.810 ; -13.907.009 ; -21.607.130 ; 165.336.216 
553;Lisse;8; 5.730.702 ; 3.263.688 ; 7.263.047 ; 10.271.216 ; 9.524.184 ; 3.363.572 ; 3.564.696 ; 6.113.220 ; 7.566.793 ; -00 ; -4.187.480 ; -7.139.552 ; 45.334.084 
556;Maassluis;8; 10.544.658 ; 8.416.513 ; 11.079.411 ; 16.519.477 ; 14.353.174 ; 6.320.544 ; 6.708.211 ; 10.848.018 ; 9.827.663 ; 53.181 ; -6.469.979 ; -8.342.917 ; 79.857.954 
1842;Midden-Delfland;8; 4.549.110 ; 2.002.851 ; 3.849.934 ; 5.170.498 ; 7.892.390 ; 2.635.068 ; 2.179.352 ; 4.412.364 ; 8.508.726 ; -00 ; -3.448.962 ; -6.501.643 ; 31.249.687 
1978;Molenlanden;8; 9.771.497 ; 5.396.514 ; 9.760.773 ; 16.643.481 ; 17.170.242 ; 5.942.909 ; 5.873.383 ; 10.549.052 ; 21.460.019 ; -00 ; -8.055.155 ; -11.819.056 ; 82.693.657 
569;Nieuwkoop;8; 6.574.132 ; 3.255.549 ; 7.276.039 ; 9.944.672 ; 11.533.988 ; 3.609.940 ; 3.472.224 ; 7.108.059 ; 13.615.001 ; -00 ; -5.242.075 ; -8.474.168 ; 52.673.363 
1930;Nissewaard;8; 26.640.607 ; 22.580.522 ; 26.507.213 ; 43.784.059 ; 33.701.226 ; 14.918.934 ; 16.232.704 ; 29.013.821 ; 25.975.555 ; 4.412.629 ; -15.686.804 ; -18.681.266 ; 209.399.201 
575;Noordwijk;8; 11.143.640 ; 6.183.253 ; 12.311.025 ; 16.732.442 ; 18.146.060 ; 6.629.574 ; 6.500.745 ; 11.919.623 ; 13.471.229 ; 1.923.327 ; -8.155.661 ; -16.656.512 ; 80.148.747 
579;Oegstgeest;8; 6.606.939 ; 3.377.436 ; 4.708.068 ; 5.623.104 ; 10.395.174 ; 3.543.438 ; 5.438.932 ; 6.716.458 ; 6.514.789 ; 2.237.942 ; -4.627.146 ; -8.379.462 ; 42.155.671 
590;Papendrecht;8; 8.589.912 ; 6.272.553 ; 9.797.554 ; 13.441.038 ; 12.768.027 ; 4.773.141 ; 5.815.128 ; 9.044.160 ; 9.806.912 ; 166.623 ; -5.735.367 ; -8.033.512 ; 66.706.169 
1926;Pijnacker-Nootdorp;8; 14.774.485 ; 5.566.596 ; 7.706.438 ; 14.290.268 ; 21.873.215 ; 8.059.695 ; 8.394.245 ; 14.128.313 ; 18.252.835 ; 7.425.611 ; -10.321.495 ; -15.911.272 ; 94.238.935 
597;Ridderkerk;8; 13.096.433 ; 10.588.062 ; 17.087.156 ; 23.584.064 ; 18.624.468 ; 7.751.552 ; 8.753.970 ; 13.316.253 ; 17.869.574 ; -555.243 ; -8.523.233 ; -14.587.507 ; 107.005.549 
603;Rijswijk;8; 18.758.478 ; 15.112.654 ; 15.997.258 ; 25.009.688 ; 23.821.553 ; 12.488.110 ; 14.748.825 ; 15.893.891 ; 19.235.203 ; 6.652.555 ; -10.781.581 ; -15.773.294 ; 141.163.340 
599;Rotterdam;8; 290.846.959 ; 312.434.187 ; 259.763.233 ; 403.738.391 ; 259.049.454 ; 174.550.625 ; 154.950.485 ; 345.882.684 ; 264.824.355 ; 61.892.444 ; -119.498.210 ; -213.295.450 ; 2.195.139.155 
606;Schiedam;8; 27.882.473 ; 23.138.284 ; 23.728.816 ; 40.473.361 ; 31.822.303 ; 18.017.201 ; 17.088.528 ; 27.966.073 ; 31.979.055 ; 360.295 ; -14.602.022 ; -19.620.448 ; 208.233.918 
518;'s-Gravenhage;8; 239.279.367 ; 219.360.357 ; 188.743.438 ; 276.690.830 ; 221.810.313 ; 147.941.614 ; 122.942.030 ; 276.734.734 ; 225.016.032 ; 87.813.515 ; -101.028.158 ; -178.919.293 ; 1.726.384.780 
610;Sliedrecht;8; 6.959.576 ; 6.081.117 ; 7.716.010 ; 12.407.316 ; 10.643.952 ; 3.905.574 ; 4.585.578 ; 7.426.034 ; 8.941.403 ; 3.515.635 ; -4.723.567 ; -6.899.271 ; 60.559.356 
1525;Teylingen;8; 9.544.584 ; 4.281.720 ; 8.635.667 ; 12.431.589 ; 14.949.306 ; 5.063.437 ; 5.345.385 ; 10.522.811 ; 11.562.720 ; 127.263 ; -6.820.681 ; -11.626.014 ; 64.017.786 
622;Vlaardingen;8; 24.611.715 ; 23.899.245 ; 26.264.893 ; 40.879.287 ; 29.976.480 ; 15.056.911 ; 15.475.161 ; 25.415.235 ; 25.855.624 ; 471.465 ; -13.719.139 ; -18.072.478 ; 196.114.399 
1992;Voorne aan Zee;8; 18.913.527 ; 11.377.218 ; 22.093.594 ; 27.420.886 ; 28.504.371 ; 10.522.461 ; 11.287.774 ; 22.057.149 ; 21.972.168 ; -00 ; -13.233.837 ; -19.311.005 ; 141.604.306 
626;Voorschoten;8; 6.571.948 ; 3.263.789 ; 6.734.996 ; 7.158.126 ; 10.393.883 ; 3.694.145 ; 2.885.513 ; 6.594.075 ; 7.063.880 ; 2.625.361 ; -4.599.090 ; -6.988.374 ; 45.398.251 
627;Waddinxveen;8; 9.140.676 ; 4.482.809 ; 6.723.738 ; 12.708.683 ; 13.544.866 ; 4.824.955 ; 7.616.028 ; 9.817.021 ; 14.636.485 ; 170.847 ; -6.220.491 ; -10.134.377 ; 67.311.241 
629;Wassenaar;8; 7.119.112 ; 3.554.645 ; 7.751.962 ; 8.001.238 ; 10.988.380 ; 4.119.469 ; 4.322.925 ; 6.976.488 ; 7.690.009 ; -00 ; -4.887.643 ; -10.496.003 ; 45.140.582 
1783;Westland;8; 31.684.305 ; 15.808.924 ; 34.467.946 ; 51.239.779 ; 43.481.377 ; 15.533.378 ; 17.462.224 ; 39.563.257 ; 36.183.713 ; -5.789.962 ; -20.760.896 ; -37.935.782 ; 220.938.263 
637;Zoetermeer;8; 42.759.315 ; 29.441.371 ; 36.415.691 ; 57.635.938 ; 49.145.689 ; 23.741.952 ; 25.747.461 ; 46.440.252 ; 35.868.999 ; 10.456.296 ; -23.059.731 ; -32.102.469 ; 302.490.765 
638;Zoeterwoude;8; 2.331.384 ; 861.985 ; 2.060.747 ; 2.666.623 ; 4.564.452 ; 1.446.862 ; 1.117.379 ; 2.296.570 ; 5.120.904 ; 1.257.168 ; -1.800.748 ; -3.541.695 ; 18.381.631 
1892;Zuidplas;8; 11.805.596 ; 5.915.074 ; 8.483.682 ; 15.185.113 ; 18.580.845 ; 6.831.242 ; 7.624.278 ; 11.676.791 ; 18.604.597 ; 2.652.305 ; -8.652.327 ; -14.393.707 ; 84.313.490 
642;Zwijndrecht;8; 12.632.777 ; 12.311.639 ; 15.788.527 ; 23.078.237 ; 17.465.061 ; 7.621.628 ; 8.283.260 ; 12.810.046 ; 15.338.434 ; 690.588 ; -7.931.921 ; -11.726.427 ; 106.361.849 
654;Borsele;9; 5.260.870 ; 3.114.397 ; 6.438.482 ; 10.332.108 ; 9.289.694 ; 3.297.538 ; 3.049.504 ; 5.711.386 ; 11.507.684 ; -00 ; -4.106.330 ; -6.771.830 ; 47.123.501 
664;Goes;9; 12.046.701 ; 9.203.711 ; 16.908.685 ; 22.321.134 ; 15.895.889 ; 6.347.851 ; 10.073.291 ; 15.199.548 ; 15.094.469 ; -2.878.944 ; -7.124.150 ; -11.687.790 ; 101.400.395 
677;Hulst;9; 7.031.977 ; 4.118.608 ; 11.362.528 ; 14.042.212 ; 11.049.713 ; 3.657.391 ; 4.185.116 ; 8.889.431 ; 13.200.173 ; -4.010.051 ; -4.861.540 ; -6.472.215 ; 62.193.343 
678;Kapelle;9; 3.196.078 ; 1.513.008 ; 3.607.667 ; 5.618.492 ; 5.572.632 ; 1.688.959 ; 1.931.107 ; 3.626.531 ; 5.453.635 ; -882.511 ; -2.310.554 ; -3.573.653 ; 25.441.392 
687;Middelburg;9; 15.379.636 ; 13.119.876 ; 19.551.853 ; 27.405.895 ; 19.749.015 ; 7.849.570 ; 9.540.174 ; 20.806.510 ; 17.903.575 ; -2.390.495 ; -8.905.543 ; -13.180.235 ; 126.829.832 
1695;Noord-Beveland;9; 1.845.432 ; 1.191.853 ; 3.101.150 ; 2.418.843 ; 4.143.292 ; 1.708.569 ; 975.550 ; 1.904.813 ; 6.239.392 ; 102.659 ; -1.428.737 ; -3.255.104 ; 18.947.712 
703;Reimerswaal;9; 5.552.849 ; 3.451.168 ; 6.364.819 ; 12.258.674 ; 9.234.534 ; 3.154.103 ; 4.113.982 ; 6.063.842 ; 10.334.115 ; -1.300.893 ; -4.143.620 ; -5.940.219 ; 49.143.353 
1676;Schouwen-Duiveland;9; 8.262.799 ; 5.168.612 ; 13.790.075 ; 15.120.992 ; 14.300.074 ; 5.625.451 ; 4.782.422 ; 10.836.858 ; 19.700.509 ; -2.762.415 ; -6.110.575 ; -12.679.182 ; 76.035.620 
1714;Sluis;9; 5.895.920 ; 3.270.099 ; 10.267.272 ; 10.205.493 ; 10.407.951 ; 4.637.439 ; 3.528.767 ; 6.917.164 ; 15.224.136 ; -2.101.558 ; -4.100.826 ; -9.898.004 ; 54.253.852 
715;Terneuzen;9; 15.523.398 ; 12.272.067 ; 24.551.584 ; 31.119.371 ; 21.667.910 ; 8.578.152 ; 9.644.539 ; 18.101.483 ; 21.491.609 ; -790.206 ; -9.882.361 ; -15.823.981 ; 136.453.566 
716;Tholen;9; 6.105.301 ; 4.209.525 ; 7.491.298 ; 13.146.333 ; 10.681.638 ; 3.827.010 ; 4.286.360 ; 7.193.781 ; 12.827.358 ; -00 ; -4.784.119 ; -6.033.631 ; 58.950.855 
717;Veere;9; 4.861.745 ; 2.164.860 ; 7.122.913 ; 6.459.329 ; 9.570.352 ; 3.927.000 ; 2.473.570 ; 5.595.491 ; 11.426.538 ; -00 ; -3.896.797 ; -9.445.026 ; 40.259.975 
718;Vlissingen;9; 14.468.612 ; 15.645.880 ; 19.777.218 ; 28.207.434 ; 18.278.572 ; 7.833.167 ; 6.839.333 ; 17.739.249 ; 16.586.212 ; -1.057.779 ; -8.124.763 ; -12.419.287 ; 123.773.846 
1723;Alphen-Chaam;10; 2.271.818 ; 939.586 ; 2.704.543 ; 3.046.583 ; 4.666.876 ; 1.328.190 ; 1.274.163 ; 2.422.872 ; 5.744.002 ; -525.786 ; -1.871.421 ; -3.115.489 ; 18.885.936 
1959;Altena;10; 12.821.563 ; 8.000.190 ; 14.973.610 ; 24.381.459 ; 22.056.000 ; 7.570.559 ; 8.340.092 ; 14.246.020 ; 20.987.229 ; -00 ; -10.428.037 ; -14.655.815 ; 108.292.871 
743;Asten;10; 4.185.636 ; 2.439.645 ; 5.463.822 ; 7.970.754 ; 7.149.427 ; 2.303.540 ; 2.387.097 ; 4.867.632 ; 7.008.414 ; -1.630.068 ; -3.087.073 ; -4.984.772 ; 34.074.055 
744;Baarle-Nassau;10; 1.583.933 ; 1.166.899 ; 2.558.919 ; 3.034.685 ; 3.542.361 ; 1.027.061 ; 1.085.776 ; 1.689.173 ; 4.739.975 ; -00 ; -1.279.399 ; -2.280.648 ; 16.868.734 
1724;Bergeijk;10; 4.327.325 ; 2.223.635 ; 5.264.231 ; 6.682.876 ; 7.943.533 ; 2.741.890 ; 2.141.611 ; 4.803.708 ; 8.784.562 ; -00 ; -3.420.551 ; -5.869.820 ; 35.622.999 
748;Bergen op Zoom;10; 22.052.053 ; 18.750.254 ; 26.092.697 ; 37.059.353 ; 26.952.462 ; 11.526.185 ; 13.999.442 ; 27.041.694 ; 22.600.052 ; -2.326.829 ; -12.464.422 ; -18.727.940 ; 172.555.000 
1721;Bernheze;10; 7.327.107 ; 4.242.028 ; 8.341.121 ; 12.119.611 ; 12.675.449 ; 4.001.546 ; 3.857.000 ; 8.231.088 ; 10.994.569 ; -00 ; -5.789.881 ; -8.610.924 ; 57.388.714 
753;Best;10; 8.417.381 ; 4.565.272 ; 7.548.475 ; 11.718.030 ; 12.413.842 ; 4.289.154 ; 4.251.194 ; 9.514.138 ; 9.228.980 ; 642.504 ; -5.620.479 ; -9.273.265 ; 57.695.226 
1728;Bladel;10; 4.762.613 ; 2.716.543 ; 6.007.231 ; 7.292.514 ; 8.582.333 ; 2.849.888 ; 3.561.729 ; 5.273.751 ; 9.446.713 ; 17.666 ; -3.730.057 ; -6.980.420 ; 39.800.502 
755;Boekel;10; 2.553.566 ; 1.518.646 ; 2.651.733 ; 4.204.553 ; 4.957.311 ; 1.438.388 ; 1.288.048 ; 2.866.692 ; 5.033.935 ; -00 ; -2.035.852 ; -3.058.799 ; 21.418.220 
757;Boxtel;10; 8.841.185 ; 7.062.552 ; 11.132.134 ; 16.105.443 ; 13.417.397 ; 4.894.735 ; 5.758.511 ; 9.952.605 ; 10.203.057 ; -00 ; -6.080.210 ; -8.706.511 ; 72.580.897 
758;Breda;10; 61.198.548 ; 45.781.276 ; 63.838.922 ; 93.304.118 ; 71.648.659 ; 31.169.218 ; 33.850.673 ; 79.090.699 ; 55.733.743 ; -16.219.222 ; -33.521.684 ; -60.090.223 ; 425.784.726 
1706;Cranendonck;10; 5.194.198 ; 2.927.496 ; 6.979.123 ; 8.677.344 ; 8.693.644 ; 3.067.431 ; 3.193.787 ; 5.509.762 ; 8.798.253 ; -00 ; -3.847.077 ; -5.760.816 ; 43.433.148 
762;Deurne;10; 8.343.553 ; 5.566.009 ; 10.859.319 ; 16.359.558 ; 13.059.257 ; 4.330.665 ; 5.756.270 ; 10.142.046 ; 13.005.335 ; -840.426 ; -5.928.564 ; -9.347.283 ; 71.305.738 
766;Dongen;10; 6.874.218 ; 4.363.962 ; 7.663.028 ; 11.126.646 ; 10.898.510 ; 3.667.315 ; 3.636.664 ; 7.677.753 ; 8.077.639 ; -00 ; -4.882.316 ; -6.782.681 ; 52.320.737 
1719;Drimmelen;10; 6.302.984 ; 3.163.865 ; 7.807.756 ; 11.220.195 ; 11.178.010 ; 3.776.739 ; 3.399.558 ; 6.822.233 ; 9.561.942 ; -00 ; -5.024.373 ; -7.135.738 ; 51.073.170 
770;Eersel;10; 4.679.448 ; 2.223.122 ; 5.490.160 ; 6.532.260 ; 8.296.209 ; 2.714.497 ; 3.030.714 ; 5.192.874 ; 8.373.053 ; 506.327 ; -3.620.496 ; -6.073.155 ; 37.345.014 
772;Eindhoven;10; 97.097.455 ; 72.528.607 ; 95.326.642 ; 139.898.148 ; 95.481.032 ; 50.735.791 ; 46.290.835 ; 120.312.979 ; 77.293.365 ; -45.601.498 ; -44.221.405 ; -83.346.049 ; 621.795.902 
777;Etten-Leur;10; 12.871.856 ; 8.636.750 ; 14.314.835 ; 20.906.681 ; 17.626.854 ; 6.556.759 ; 7.181.022 ; 15.069.936 ; 14.339.117 ; -00 ; -8.071.847 ; -13.179.291 ; 96.252.674 
779;Geertruidenberg;10; 5.287.272 ; 4.183.065 ; 6.726.820 ; 10.350.240 ; 8.922.943 ; 2.976.518 ; 3.169.592 ; 6.408.161 ; 7.711.476 ; -00 ; -3.896.619 ; -6.745.058 ; 45.094.410 
1771;Geldrop-Mierlo;10; 10.549.978 ; 7.591.213 ; 12.367.324 ; 17.494.682 ; 15.925.772 ; 5.802.106 ; 5.555.407 ; 11.485.998 ; 10.870.732 ; 355.805 ; -7.236.730 ; -10.316.666 ; 80.445.621 
1652;Gemert-Bakel;10; 7.434.463 ; 5.215.425 ; 8.410.908 ; 14.422.954 ; 12.352.957 ; 4.089.203 ; 5.070.645 ; 8.773.387 ; 12.627.446 ; -925.747 ; -5.600.768 ; -8.428.486 ; 63.442.386 
784;Gilze en Rijen;10; 7.191.068 ; 4.523.514 ; 6.998.272 ; 11.756.690 ; 11.213.362 ; 4.213.683 ; 3.836.968 ; 7.156.634 ; 9.703.682 ; -00 ; -5.066.279 ; -7.929.529 ; 53.598.065 
785;Goirle;10; 5.718.802 ; 3.852.912 ; 6.002.989 ; 9.024.998 ; 9.787.090 ; 3.123.032 ; 4.574.437 ; 6.185.866 ; 7.012.321 ; 2.719.402 ; -4.344.808 ; -6.138.596 ; 47.518.444 
1655;Halderberge;10; 7.417.437 ; 5.529.034 ; 9.599.069 ; 13.552.944 ; 12.330.004 ; 4.503.016 ; 4.625.763 ; 8.162.559 ; 11.101.121 ; -00 ; -5.566.320 ; -9.653.320 ; 61.601.307 
1658;Heeze-Leende;10; 3.804.640 ; 1.450.748 ; 4.437.833 ; 4.607.915 ; 7.060.107 ; 2.191.040 ; 3.620.812 ; 4.165.144 ; 6.643.177 ; 350.818 ; -3.032.026 ; -5.071.384 ; 30.228.825 
794;Helmond;10; 30.993.279 ; 27.711.618 ; 33.625.730 ; 57.120.772 ; 36.602.308 ; 15.419.381 ; 18.754.205 ; 39.311.030 ; 26.519.744 ; -7.955.489 ; -17.144.662 ; -25.131.324 ; 235.826.593 
797;Heusden;10; 12.144.368 ; 7.057.572 ; 13.639.581 ; 21.069.626 ; 17.786.571 ; 6.101.645 ; 6.031.008 ; 15.213.535 ; 13.729.788 ; -2.324.541 ; -8.233.081 ; -12.189.583 ; 90.026.487 
798;Hilvarenbeek;10; 3.557.088 ; 1.615.414 ; 4.051.540 ; 4.827.662 ; 6.800.577 ; 2.026.567 ; 1.800.073 ; 3.855.537 ; 7.458.974 ; -00 ; -2.867.595 ; -5.031.611 ; 28.094.226 
1659;Laarbeek;10; 5.177.614 ; 3.163.246 ; 6.844.030 ; 9.594.057 ; 9.306.640 ; 2.995.851 ; 2.851.929 ; 5.708.131 ; 8.280.451 ; -00 ; -4.141.667 ; -6.351.912 ; 43.428.372 
1982;Land van Cuijk;10; 22.307.787 ; 14.781.940 ; 27.767.242 ; 40.343.180 ; 34.888.065 ; 12.516.562 ; 14.232.963 ; 25.422.891 ; 33.547.989 ; -00 ; -16.481.612 ; -25.221.909 ; 184.105.098 
809;Loon op Zand;10; 5.678.813 ; 3.253.691 ; 6.934.354 ; 9.994.813 ; 9.719.623 ; 3.178.139 ; 2.892.432 ; 6.183.673 ; 7.478.007 ; 628.764 ; -4.288.518 ; -7.260.200 ; 44.393.591 
1991;Maashorst;10; 15.896.462 ; 10.211.843 ; 19.816.394 ; 28.198.727 ; 22.842.564 ; 8.412.879 ; 9.127.452 ; 19.038.915 ; 21.194.286 ; -00 ; -10.595.842 ; -18.094.641 ; 126.049.039 
1948;Meierijstad;10; 21.597.606 ; 13.050.595 ; 24.408.723 ; 36.771.327 ; 31.899.500 ; 11.450.118 ; 13.105.031 ; 24.944.568 ; 29.280.679 ; -00 ; -15.042.221 ; -27.463.900 ; 164.002.024 
1709;Moerdijk;10; 8.871.014 ; 6.383.232 ; 11.003.744 ; 16.115.874 ; 14.866.527 ; 5.396.308 ; 5.422.271 ; 10.359.969 ; 18.735.955 ; -1.719.244 ; -6.796.177 ; -11.690.052 ; 76.949.421 
820;Nuenen, Gerwen en Nederwetten;10; 5.843.354 ; 3.226.638 ; 7.032.679 ; 6.657.207 ; 9.735.719 ; 3.086.284 ; 2.718.432 ; 6.509.086 ; 7.283.461 ; 338.134 ; -4.313.201 ; -6.886.506 ; 41.231.287 
823;Oirschot;10; 4.398.658 ; 2.012.137 ; 5.015.194 ; 6.013.591 ; 7.973.096 ; 2.414.834 ; 2.545.803 ; 5.093.875 ; 8.706.073 ; -00 ; -3.469.028 ; -6.673.757 ; 34.030.475 
824;Oisterwijk;10; 7.796.444 ; 4.368.497 ; 10.032.682 ; 11.708.077 ; 13.024.360 ; 4.503.434 ; 4.667.254 ; 9.101.168 ; 10.828.027 ; 196.066 ; -5.879.022 ; -9.926.954 ; 60.420.034 
826;Oosterhout;10; 16.569.726 ; 10.952.770 ; 19.762.062 ; 28.505.499 ; 22.523.751 ; 8.873.193 ; 9.891.717 ; 19.670.985 ; 18.610.565 ; -00 ; -10.366.598 ; -17.983.185 ; 127.010.485 
828;Oss;10; 27.164.942 ; 23.439.018 ; 31.582.263 ; 50.187.139 ; 35.971.408 ; 14.152.330 ; 17.360.074 ; 33.015.705 ; 31.913.882 ; -1.264.273 ; -16.911.689 ; -25.139.477 ; 221.471.323 
1667;Reusel-De Mierden;10; 3.065.497 ; 1.651.341 ; 3.225.083 ; 5.132.665 ; 5.806.478 ; 1.836.690 ; 1.681.455 ; 3.397.096 ; 6.622.275 ; -00 ; -2.424.377 ; -3.634.101 ; 26.360.100 
1674;Roosendaal;10; 23.409.340 ; 20.230.113 ; 29.020.364 ; 41.660.079 ; 29.739.467 ; 12.643.465 ; 14.095.795 ; 27.868.309 ; 25.121.102 ; -1.478.474 ; -13.800.999 ; -21.338.134 ; 187.170.428 
840;Rucphen;10; 5.697.431 ; 4.187.928 ; 7.617.134 ; 11.507.448 ; 9.568.038 ; 3.117.460 ; 3.063.231 ; 6.676.414 ; 7.788.112 ; -00 ; -4.260.817 ; -5.882.595 ; 49.079.784 
796;'s-Hertogenbosch;10; 52.319.575 ; 40.990.428 ; 54.398.030 ; 82.745.773 ; 61.437.634 ; 26.770.768 ; 27.422.882 ; 68.959.784 ; 47.776.436 ; -10.260.961 ; -28.683.051 ; -54.715.796 ; 369.161.503 
845;Sint-Michielsgestel;10; 6.697.778 ; 3.502.616 ; 7.176.529 ; 10.129.533 ; 11.779.645 ; 3.726.580 ; 4.336.333 ; 7.371.693 ; 8.717.146 ; 859.635 ; -5.358.384 ; -7.284.503 ; 51.654.600 
847;Someren;10; 4.695.679 ; 2.745.054 ; 5.621.403 ; 8.491.063 ; 8.198.777 ; 2.671.070 ; 2.824.977 ; 5.351.141 ; 8.616.097 ; -1.367.853 ; -3.586.935 ; -5.717.706 ; 38.542.768 
848;Son en Breugel;10; 4.267.489 ; 2.115.637 ; 4.430.355 ; 5.490.969 ; 7.394.778 ; 2.147.821 ; 2.307.675 ; 4.806.517 ; 6.389.554 ; 142.882 ; -3.219.541 ; -6.220.083 ; 30.054.052 
851;Steenbergen;10; 5.680.915 ; 4.130.004 ; 7.818.332 ; 11.804.091 ; 9.834.281 ; 3.366.666 ; 3.355.489 ; 6.577.095 ; 10.381.354 ; -402.535 ; -4.362.388 ; -6.839.929 ; 51.343.376 
855;Tilburg;10; 80.193.666 ; 73.152.334 ; 82.943.846 ; 130.359.476 ; 87.914.894 ; 42.233.090 ; 41.255.635 ; 100.011.795 ; 74.461.116 ; -15.598.507 ; -40.904.733 ; -70.511.598 ; 585.511.014 
858;Valkenswaard;10; 8.511.306 ; 5.986.430 ; 12.555.653 ; 16.215.110 ; 12.738.259 ; 4.531.646 ; 4.745.886 ; 9.982.644 ; 10.191.274 ; -1.295.262 ; -5.674.283 ; -8.929.968 ; 69.558.695 
861;Veldhoven;10; 13.446.297 ; 6.998.070 ; 13.973.226 ; 19.507.017 ; 18.398.958 ; 6.885.837 ; 6.915.250 ; 15.334.196 ; 13.152.842 ; -00 ; -8.452.559 ; -16.496.419 ; 89.662.714 
865;Vught;10; 8.111.095 ; 4.656.796 ; 8.776.674 ; 11.885.300 ; 12.987.202 ; 4.402.570 ; 6.323.205 ; 9.309.090 ; 9.240.381 ; 1.605.347 ; -5.861.620 ; -10.946.987 ; 60.489.053 
866;Waalre;10; 4.262.597 ; 1.854.813 ; 4.388.614 ; 5.105.376 ; 7.389.860 ; 2.286.007 ; 1.908.220 ; 4.589.155 ; 4.588.933 ; 860.407 ; -3.178.167 ; -4.857.453 ; 29.198.361 
867;Waalwijk;10; 13.997.835 ; 9.922.503 ; 17.741.792 ; 27.764.856 ; 19.684.453 ; 7.354.346 ; 8.642.683 ; 16.712.736 ; 16.772.543 ; -1.637.728 ; -9.098.918 ; -15.749.875 ; 112.107.225 
873;Woensdrecht;10; 5.211.115 ; 3.299.352 ; 7.908.241 ; 9.788.802 ; 9.049.528 ; 3.010.013 ; 2.820.774 ; 5.798.642 ; 8.010.192 ; -887.041 ; -3.941.012 ; -6.696.967 ; 43.371.639 
879;Zundert;10; 5.201.152 ; 2.870.492 ; 6.472.200 ; 9.081.467 ; 9.173.283 ; 2.836.300 ; 3.088.851 ; 5.810.461 ; 8.604.612 ; -00 ; -4.050.218 ; -7.212.414 ; 41.876.185 
888;Beek;11; 3.845.165 ; 2.925.302 ; 5.755.197 ; 7.295.724 ; 6.831.336 ; 2.231.738 ; 1.657.247 ; 4.270.758 ; 5.142.217 ; 268.503 ; -2.885.707 ; -4.624.289 ; 32.713.191 
1954;Beekdaelen;11; 7.891.991 ; 5.619.145 ; 12.106.788 ; 16.140.905 ; 14.059.201 ; 4.795.200 ; 3.811.102 ; 8.662.979 ; 10.751.139 ; 138.772 ; -6.361.305 ; -7.406.431 ; 70.209.486 
889;Beesel;11; 3.406.669 ; 2.559.987 ; 4.897.819 ; 7.488.699 ; 5.846.945 ; 1.819.316 ; 1.775.729 ; 3.957.783 ; 4.564.402 ; -489.745 ; -2.401.471 ; -2.898.183 ; 30.527.950 
893;Bergen (L.);11; 2.880.969 ; 2.070.631 ; 4.195.581 ; 6.014.099 ; 5.600.257 ; 1.886.987 ; 1.669.822 ; 3.097.894 ; 6.232.229 ; -90.758 ; -2.319.433 ; -3.041.495 ; 28.196.785 
899;Brunssum;11; 7.548.307 ; 8.536.817 ; 12.480.837 ; 19.059.727 ; 11.302.980 ; 4.216.284 ; 3.755.134 ; 8.992.865 ; 8.206.812 ; -00 ; -4.889.241 ; -5.569.645 ; 73.640.877 
1711;Echt-Susteren;11; 7.914.302 ; 5.448.031 ; 12.104.633 ; 16.070.797 ; 12.876.576 ; 4.589.266 ; 4.437.567 ; 9.998.888 ; 12.769.560 ; -00 ; -5.730.040 ; -8.360.824 ; 72.118.756 
1903;Eijsden-Margraten;11; 5.830.452 ; 3.025.454 ; 7.969.858 ; 8.945.728 ; 10.458.246 ; 3.338.003 ; 2.824.830 ; 6.322.825 ; 10.135.649 ; -452.595 ; -4.648.988 ; -6.480.980 ; 47.268.481 
907;Gennep;11; 4.161.629 ; 2.998.257 ; 5.421.774 ; 7.052.229 ; 7.470.947 ; 2.452.139 ; 2.507.208 ; 4.861.918 ; 6.732.845 ; 2.171.277 ; -3.158.101 ; -4.926.986 ; 37.745.137 
1729;Gulpen-Wittem;11; 3.102.687 ; 2.121.002 ; 5.682.709 ; 6.534.525 ; 6.077.105 ; 2.078.512 ; 2.354.202 ; 3.250.420 ; 6.750.866 ; -1.775.892 ; -2.489.013 ; -3.441.615 ; 30.245.507 
917;Heerlen;11; 28.344.419 ; 40.166.452 ; 43.984.048 ; 70.734.104 ; 34.277.006 ; 15.224.040 ; 20.291.233 ; 35.908.722 ; 25.232.684 ; -880.174 ; -15.541.373 ; -21.764.298 ; 275.976.862 
1507;Horst aan de Maas;11; 10.398.710 ; 5.655.166 ; 13.346.350 ; 18.534.548 ; 17.149.653 ; 6.081.084 ; 5.720.866 ; 11.974.231 ; 18.899.113 ; -1.296.359 ; -7.856.098 ; -13.436.303 ; 85.170.960 
928;Kerkrade;11; 13.141.495 ; 15.996.283 ; 22.044.969 ; 34.990.386 ; 18.151.521 ; 7.270.895 ; 6.939.118 ; 16.123.886 ; 13.680.568 ; -00 ; -8.077.707 ; -9.721.620 ; 130.539.795 
882;Landgraaf;11; 9.954.331 ; 11.050.970 ; 15.807.061 ; 23.004.126 ; 14.679.952 ; 5.139.965 ; 5.167.845 ; 12.268.273 ; 9.993.734 ; 1.584.691 ; -6.541.540 ; -7.115.291 ; 94.994.117 
1640;Leudal;11; 8.065.682 ; 4.776.762 ; 11.233.022 ; 14.155.319 ; 14.142.109 ; 5.031.248 ; 5.544.027 ; 8.838.439 ; 14.797.474 ; -00 ; -6.411.735 ; -9.395.416 ; 70.776.931 
1641;Maasgouw;11; 5.500.566 ; 3.641.744 ; 8.577.295 ; 9.578.067 ; 10.016.651 ; 3.525.474 ; 2.455.770 ; 6.745.155 ; 9.110.935 ; 622.141 ; -4.350.846 ; -6.518.045 ; 48.904.906 
935;Maastricht;11; 41.633.887 ; 37.364.048 ; 54.266.107 ; 69.593.064 ; 49.532.132 ; 22.816.391 ; 18.602.965 ; 53.839.796 ; 42.138.548 ; -9.692.459 ; -22.296.353 ; -36.772.291 ; 321.025.833 
938;Meerssen;11; 4.227.760 ; 2.766.330 ; 6.690.353 ; 7.880.685 ; 7.643.042 ; 2.447.289 ; 2.308.741 ; 4.782.755 ; 5.701.940 ; -00 ; -3.277.961 ; -3.946.197 ; 37.224.736 
944;Mook en Middelaar;11; 1.789.712 ; 1.076.800 ; 2.393.106 ; 2.342.317 ; 3.787.886 ; 993.726 ; 810.396 ; 1.930.782 ; 2.854.981 ; -00 ; -1.438.681 ; -1.948.394 ; 14.592.633 
946;Nederweert;11; 4.099.860 ; 2.153.119 ; 6.045.588 ; 8.111.368 ; 7.205.028 ; 2.230.693 ; 2.062.216 ; 4.694.976 ; 8.853.326 ; -967.091 ; -3.109.624 ; -4.770.764 ; 36.608.695 
1894;Peel en Maas;11; 10.796.998 ; 6.536.830 ; 14.640.977 ; 20.596.789 ; 17.598.000 ; 5.815.230 ; 5.846.086 ; 12.446.921 ; 17.906.924 ; -1.572.617 ; -8.147.137 ; -11.811.849 ; 90.653.151 
1669;Roerdalen;11; 4.643.410 ; 3.665.022 ; 7.595.811 ; 9.949.319 ; 8.540.620 ; 2.917.919 ; 2.410.069 ; 5.277.313 ; 7.717.718 ; -00 ; -3.699.870 ; -4.401.088 ; 44.616.242 
957;Roermond;11; 19.127.077 ; 18.574.751 ; 24.122.281 ; 38.237.701 ; 23.782.842 ; 10.344.150 ; 12.596.756 ; 23.786.682 ; 20.755.722 ; -2.332.757 ; -10.869.124 ; -18.420.907 ; 159.705.175 
965;Simpelveld;11; 2.291.318 ; 1.842.465 ; 4.071.979 ; 5.961.872 ; 4.659.512 ; 1.475.854 ; 1.107.458 ; 2.516.537 ; 3.222.498 ; -112.816 ; -1.823.655 ; -1.910.062 ; 23.302.959 
1883;Sittard-Geleen;11; 27.621.227 ; 27.158.954 ; 40.993.376 ; 57.815.665 ; 35.818.967 ; 14.098.313 ; 14.616.927 ; 35.927.413 ; 29.885.179 ; -00 ; -16.423.723 ; -27.149.321 ; 240.362.976 
971;Stein;11; 6.097.222 ; 4.204.243 ; 10.280.391 ; 13.750.175 ; 9.970.466 ; 3.257.023 ; 3.228.785 ; 7.325.420 ; 6.722.838 ; -730.112 ; -4.377.659 ; -5.359.349 ; 54.369.444 
981;Vaals;11; 2.508.392 ; 2.955.373 ; 4.757.258 ; 6.292.655 ; 4.717.168 ; 1.720.409 ; 1.114.945 ; 2.659.047 ; 3.840.065 ; -1.167.699 ; -1.776.953 ; -2.119.431 ; 25.501.229 
994;Valkenburg aan de Geul;11; 3.788.447 ; 3.121.814 ; 7.114.683 ; 8.041.683 ; 7.103.250 ; 2.604.313 ; 2.327.045 ; 4.427.240 ; 5.553.214 ; -568.176 ; -2.923.530 ; -4.315.698 ; 36.274.285 
983;Venlo;11; 32.100.433 ; 30.287.939 ; 43.608.314 ; 65.500.910 ; 39.742.374 ; 16.826.162 ; 19.557.175 ; 40.265.464 ; 35.906.684 ; -11.736.760 ; -18.464.547 ; -30.964.593 ; 262.629.555 
984;Venray;11; 12.279.627 ; 9.631.883 ; 15.892.586 ; 23.237.543 ; 17.323.883 ; 6.410.719 ; 6.799.497 ; 14.719.535 ; 19.109.847 ; -1.090.519 ; -7.956.426 ; -13.531.267 ; 102.826.908 
986;Voerendaal;11; 2.805.853 ; 1.689.055 ; 4.297.554 ; 5.607.005 ; 5.448.845 ; 1.762.117 ; 1.380.610 ; 3.000.984 ; 4.200.604 ; -204.809 ; -2.234.376 ; -2.559.609 ; 25.193.832 
988;Weert;11; 14.809.637 ; 10.636.687 ; 20.630.635 ; 27.047.163 ; 19.973.062 ; 7.797.842 ; 8.558.776 ; 18.319.665 ; 18.235.400 ; -2.432.922 ; -9.119.161 ; -14.909.796 ; 119.546.986 
34;Almere;12; 79.749.493 ; 53.235.058 ; 47.963.046 ; 102.716.899 ; 84.580.390 ; 44.729.447 ; 49.392.620 ; 85.795.315 ; 55.321.326 ; -00 ; -40.765.695 ; -56.585.899 ; 506.132.002 
303;Dronten;12; 11.820.616 ; 7.024.608 ; 11.120.535 ; 19.357.613 ; 17.327.295 ; 6.247.652 ; 8.212.673 ; 13.393.228 ; 17.602.615 ; -00 ; -7.965.127 ; -13.342.393 ; 90.799.316 
995;Lelystad;12; 26.961.340 ; 22.351.348 ; 23.795.008 ; 45.682.294 ; 31.889.939 ; 14.642.452 ; 18.934.161 ; 30.050.253 ; 26.381.261 ; 3.190.550 ; -15.042.576 ; -23.498.508 ; 205.337.522 
171;Noordoostpolder;12; 13.249.575 ; 10.605.735 ; 13.213.899 ; 25.822.631 ; 19.296.876 ; 7.086.025 ; 11.101.844 ; 15.513.779 ; 22.165.635 ; -00 ; -9.018.478 ; -14.206.004 ; 114.831.517 
184;Urk;12; 5.665.887 ; 2.279.758 ; 4.195.845 ; 10.620.093 ; 8.612.633 ; 2.258.539 ; 4.944.119 ; 7.166.664 ; 6.525.778 ; -2.895.496 ; -3.937.283 ; -5.014.674 ; 40.421.864 
50;Zeewolde;12; 6.089.918 ; 3.258.590 ; 4.069.812 ; 9.685.372 ; 9.777.476 ; 3.432.393 ; 3.976.569 ; 6.947.591 ; 10.815.849 ; -00 ; -4.313.378 ; -7.728.223 ; 46.011.968 
;;;;;;;;;;;;;;;
;Totaal;; 5.446.783.159 ; 4.259.279.563 ; 5.706.501.505 ; 8.547.542.287 ; 7.027.539.325 ; 3.062.180.870 ; 3.113.975.660 ; 6.392.629.695 ; 6.480.774.160 ; 136.381.536 ; -3.204.096.723 ; -5.226.282.764 ; 41.743.208.274 
